"","entities","values","years","name","code","date","dateCorrected","TimePeriod"
"164593",355,14851591,5715,"World","OWID_WRL",1985-08-25,2015-08-25,"All"
"164594",355,6322661,8111,"World","OWID_WRL",1992-03-17,2022-03-17,"All"
"164595",355,6558808,6179,"World","OWID_WRL",1986-12-02,2016-12-01,"All"
"164596",355,8748695,5020,"World","OWID_WRL",1983-09-30,2013-09-29,"All"
"164597",355,7772493,8763,"World","OWID_WRL",1993-12-29,2023-12-29,"All"
"164598",355,4952420,5069,"World","OWID_WRL",1983-11-18,2013-11-17,"All"
"164599",355,6714208,5155,"World","OWID_WRL",1984-02-12,2014-02-11,"All"
"164600",355,10032460,5378,"World","OWID_WRL",1984-09-22,2014-09-22,"All"
"164601",355,5815378,8490,"World","OWID_WRL",1993-03-31,2023-03-31,"All"
"164602",355,7997728,8230,"World","OWID_WRL",1992-07-14,2022-07-14,"All"
"164603",355,4943177,5048,"World","OWID_WRL",1983-10-28,2013-10-27,"All"
"164604",355,14067220,5371,"World","OWID_WRL",1984-09-15,2014-09-15,"All"
"164605",355,4629378,5076,"World","OWID_WRL",1983-11-25,2013-11-24,"All"
"164606",355,9911833,5757,"World","OWID_WRL",1985-10-06,2015-10-06,"All"
"164607",355,7854964,5134,"World","OWID_WRL",1984-01-22,2014-01-21,"All"
"164608",355,10111169,5315,"World","OWID_WRL",1984-07-21,2014-07-21,"All"
"164609",355,5836973,4473,"World","OWID_WRL",1982-04-01,2012-03-31,"All"
"164610",355,8202661,4943,"World","OWID_WRL",1983-07-15,2013-07-14,"All"
"164611",355,5556226,8104,"World","OWID_WRL",1992-03-10,2022-03-10,"All"
"164612",355,8090277,4459,"World","OWID_WRL",1982-03-18,2012-03-17,"All"
"164613",355,6806988,5420,"World","OWID_WRL",1984-11-03,2014-11-03,"All"
"164614",355,7929108,5111,"World","OWID_WRL",1983-12-30,2013-12-29,"All"
"164615",355,7885270,8056,"World","OWID_WRL",1992-01-22,2022-01-21,"All"
"164616",355,6613437,4466,"World","OWID_WRL",1982-03-25,2012-03-24,"All"
"164617",355,5084789,5434,"World","OWID_WRL",1984-11-17,2014-11-17,"All"
"164618",355,11954725,4957,"World","OWID_WRL",1983-07-29,2013-07-28,"All"
"164619",355,6339893,5273,"World","OWID_WRL",1984-06-09,2014-06-09,"All"
"164620",355,9916791,5013,"World","OWID_WRL",1983-09-23,2013-09-22,"All"
"164621",355,9362223,5097,"World","OWID_WRL",1983-12-16,2013-12-15,"All"
"164622",355,749174,4396,"World","OWID_WRL",1982-01-14,2012-01-14,"All"
"164623",355,8124967,4929,"World","OWID_WRL",1983-07-01,2013-06-30,"All"
"164624",355,6077762,4529,"World","OWID_WRL",1982-05-27,2012-05-26,"All"
"164625",355,10815303,5364,"World","OWID_WRL",1984-09-08,2014-09-08,"All"
"164626",355,7031926,5162,"World","OWID_WRL",1984-02-19,2014-02-18,"All"
"164627",355,7927006,7239,"World","OWID_WRL",1989-10-27,2019-10-27,"All"
"164628",355,292086,6623,"World","OWID_WRL",1988-02-19,2018-02-18,"All"
"164629",355,7280452,6004,"World","OWID_WRL",1986-06-10,2016-06-09,"All"
"164630",355,1031163,6888,"World","OWID_WRL",1988-11-10,2018-11-10,"All"
"164631",355,8459475,5127,"World","OWID_WRL",1984-01-15,2014-01-14,"All"
"164632",355,5704895,8821,"World","OWID_WRL",1994-02-25,2024-02-25,"All"
"164633",355,5834797,8828,"World","OWID_WRL",1994-03-04,2024-03-03,"All"
"164634",355,8333497,4915,"World","OWID_WRL",1983-06-17,2013-06-16,"All"
"164635",355,5531364,5083,"World","OWID_WRL",1983-12-02,2013-12-01,"All"
"164636",355,8730765,5287,"World","OWID_WRL",1984-06-23,2014-06-23,"All"
"164637",355,15000110,5708,"World","OWID_WRL",1985-08-18,2015-08-18,"All"
"164638",355,11598176,4971,"World","OWID_WRL",1983-08-12,2013-08-11,"All"
"164639",355,10268231,8595,"World","OWID_WRL",1993-07-14,2023-07-14,"All"
"164640",355,5346687,4480,"World","OWID_WRL",1982-04-08,2012-04-07,"All"
"164641",355,8553490,5301,"World","OWID_WRL",1984-07-07,2014-07-07,"All"
"164642",355,7242213,4936,"World","OWID_WRL",1983-07-08,2013-07-07,"All"
"164643",355,6048273,5055,"World","OWID_WRL",1983-11-04,2013-11-03,"All"
"164644",355,7483118,5189,"World","OWID_WRL",1984-03-17,2014-03-17,"All"
"164645",355,9290438,4564,"World","OWID_WRL",1982-07-01,2012-06-30,"All"
"164646",355,9562003,4676,"World","OWID_WRL",1982-10-21,2012-10-20,"All"
"164647",355,6527466,7956,"World","OWID_WRL",1991-10-14,2021-10-13,"All"
"164648",355,6413969,5280,"World","OWID_WRL",1984-06-16,2014-06-16,"All"
"164649",355,4897512,5027,"World","OWID_WRL",1983-10-07,2013-10-06,"All"
"164650",355,13970738,4641,"World","OWID_WRL",1982-09-16,2012-09-15,"All"
"164651",355,8109548,4410,"World","OWID_WRL",1982-01-28,2012-01-28,"All"
"164652",355,6002041,4831,"World","OWID_WRL",1983-03-25,2013-03-24,"All"
"164653",355,12643452,4985,"World","OWID_WRL",1983-08-26,2013-08-25,"All"
"164654",355,6890614,4417,"World","OWID_WRL",1982-02-04,2012-02-04,"All"
"164655",355,4846286,5175,"World","OWID_WRL",1984-03-03,2014-03-03,"All"
"164656",355,5150810,8546,"World","OWID_WRL",1993-05-26,2023-05-26,"All"
"164657",355,11247735,5006,"World","OWID_WRL",1983-09-16,2013-09-15,"All"
"164658",355,9962842,4950,"World","OWID_WRL",1983-07-22,2013-07-21,"All"
"164659",355,5567123,6258,"World","OWID_WRL",1987-02-19,2017-02-18,"All"
"164660",355,10422202,5385,"World","OWID_WRL",1984-09-29,2014-09-29,"All"
"164661",355,9992321,4964,"World","OWID_WRL",1983-08-05,2013-08-04,"All"
"164662",355,6697733,8581,"World","OWID_WRL",1993-06-30,2023-06-30,"All"
"164663",355,13185459,7528,"World","OWID_WRL",1990-08-12,2020-08-11,"All"
"164664",355,10485957,5343,"World","OWID_WRL",1984-08-18,2014-08-18,"All"
"164665",355,6823054,8042,"World","OWID_WRL",1992-01-08,2022-01-07,"All"
"164666",355,5906190,7416,"World","OWID_WRL",1990-04-22,2020-04-21,"All"
"164667",355,7825490,5294,"World","OWID_WRL",1984-06-30,2014-06-30,"All"
"164668",355,5019102,5997,"World","OWID_WRL",1986-06-03,2016-06-02,"All"
"164669",355,5943675,7246,"World","OWID_WRL",1989-11-03,2019-11-03,"All"
"164670",355,5819277,8118,"World","OWID_WRL",1992-03-24,2022-03-24,"All"
"164671",355,8763217,7872,"World","OWID_WRL",1991-07-22,2021-07-21,"All"
"164672",355,9663681,7514,"World","OWID_WRL",1990-07-29,2020-07-28,"All"
"164673",355,867121,4389,"World","OWID_WRL",1982-01-07,2012-01-07,"All"
"164674",355,6852801,6165,"World","OWID_WRL",1986-11-18,2016-11-17,"All"
"164675",355,6411736,7963,"World","OWID_WRL",1991-10-21,2021-10-20,"All"
"164676",355,15147312,4978,"World","OWID_WRL",1983-08-19,2013-08-18,"All"
"164677",355,13808087,5729,"World","OWID_WRL",1985-09-08,2015-09-08,"All"
"164678",355,5851755,7781,"World","OWID_WRL",1991-04-22,2021-04-21,"All"
"164679",355,6915972,5090,"World","OWID_WRL",1983-12-09,2013-12-08,"All"
"164680",355,4734892,6285,"World","OWID_WRL",1987-03-18,2017-03-17,"All"
"164681",355,6706607,8049,"World","OWID_WRL",1992-01-15,2022-01-14,"All"
"164682",355,7515520,6116,"World","OWID_WRL",1986-09-30,2016-09-29,"All"
"164683",355,6721687,4845,"World","OWID_WRL",1983-04-08,2013-04-07,"All"
"164684",355,11816574,8616,"World","OWID_WRL",1993-08-04,2023-08-04,"All"
"164685",355,11101559,4999,"World","OWID_WRL",1983-09-09,2013-09-08,"All"
"164686",355,4775580,7253,"World","OWID_WRL",1989-11-10,2019-11-10,"All"
"164687",355,0,6895,"World","OWID_WRL",1988-11-17,2018-11-17,"All"
"164688",355,6074475,6265,"World","OWID_WRL",1987-02-26,2017-02-25,"All"
"164689",355,7706102,8772,"World","OWID_WRL",1994-01-07,2024-01-07,"All"
"164690",355,9048469,6216,"World","OWID_WRL",1987-01-08,2017-01-07,"All"
"164691",355,5918882,8905,"World","OWID_WRL",1994-05-20,2024-05-19,"All"
"164692",355,8083370,8223,"World","OWID_WRL",1992-07-07,2022-07-07,"All"
"164693",355,4714059,5990,"World","OWID_WRL",1986-05-27,2016-05-26,"All"
"164694",355,447733,6616,"World","OWID_WRL",1988-02-12,2018-02-11,"All"
"164695",355,8611855,7295,"World","OWID_WRL",1989-12-22,2019-12-22,"All"
"164696",355,7137220,7486,"World","OWID_WRL",1990-07-01,2020-06-30,"All"
"164697",355,12482165,5308,"World","OWID_WRL",1984-07-14,2014-07-14,"All"
"164698",355,6214776,5196,"World","OWID_WRL",1984-03-24,2014-03-24,"All"
"164699",355,3271405,5252,"World","OWID_WRL",1984-05-19,2014-05-19,"All"
"164700",355,6916894,8077,"World","OWID_WRL",1992-02-12,2022-02-11,"All"
"164701",355,13243669,7521,"World","OWID_WRL",1990-08-05,2020-08-04,"All"
"164702",355,5886067,5141,"World","OWID_WRL",1984-01-29,2014-01-28,"All"
"164703",355,4935329,7774,"World","OWID_WRL",1991-04-15,2021-04-14,"All"
"164704",355,6067696,8835,"World","OWID_WRL",1994-03-11,2024-03-10,"All"
"164705",355,6029749,5785,"World","OWID_WRL",1985-11-03,2015-11-03,"All"
"164706",355,8810008,5104,"World","OWID_WRL",1983-12-23,2013-12-22,"All"
"164707",355,10673584,8665,"World","OWID_WRL",1993-09-22,2023-09-22,"All"
"164708",355,6433096,4536,"World","OWID_WRL",1982-06-03,2012-06-02,"All"
"164709",355,6240082,5540,"World","OWID_WRL",1985-03-03,2015-03-03,"All"
"164710",355,6791138,5427,"World","OWID_WRL",1984-11-10,2014-11-10,"All"
"164711",355,9038944,6811,"World","OWID_WRL",1988-08-25,2018-08-25,"All"
"164712",355,7287084,8497,"World","OWID_WRL",1993-04-07,2023-04-07,"All"
"164713",355,5756775,8139,"World","OWID_WRL",1992-04-14,2022-04-14,"All"
"164714",355,4813453,5441,"World","OWID_WRL",1984-11-24,2014-11-24,"All"
"164715",355,9126356,5771,"World","OWID_WRL",1985-10-20,2015-10-20,"All"
"164716",355,9226578,5336,"World","OWID_WRL",1984-08-11,2014-08-11,"All"
"164717",355,8968303,4922,"World","OWID_WRL",1983-06-24,2013-06-23,"All"
"164718",355,8627622,8786,"World","OWID_WRL",1994-01-21,2024-01-21,"All"
"164719",355,9403529,5850,"World","OWID_WRL",1986-01-07,2016-01-07,"All"
"164720",355,7775042,5792,"World","OWID_WRL",1985-11-10,2015-11-10,"All"
"164721",355,14117535,5736,"World","OWID_WRL",1985-09-15,2015-09-15,"All"
"164722",355,5332059,5169,"World","OWID_WRL",1984-02-26,2014-02-25,"All"
"164723",355,7138611,8237,"World","OWID_WRL",1992-07-21,2022-07-21,"All"
"164724",355,5820543,4487,"World","OWID_WRL",1982-04-15,2012-04-14,"All"
"164725",355,204289,6630,"World","OWID_WRL",1988-02-26,2018-02-25,"All"
"164726",355,8805766,6193,"World","OWID_WRL",1986-12-16,2016-12-15,"All"
"164727",355,7611684,6137,"World","OWID_WRL",1986-10-21,2016-10-20,"All"
"164728",355,8143247,8012,"World","OWID_WRL",1991-12-09,2021-12-08,"All"
"164729",355,4588391,5624,"World","OWID_WRL",1985-05-26,2015-05-26,"All"
"164730",355,8932937,6025,"World","OWID_WRL",1986-07-01,2016-06-30,"All"
"164731",355,11426468,5399,"World","OWID_WRL",1984-10-13,2014-10-13,"All"
"164732",355,3756065,5969,"World","OWID_WRL",1986-05-06,2016-05-05,"All"
"164733",355,5630477,5041,"World","OWID_WRL",1983-10-21,2013-10-20,"All"
"164734",355,7985057,8793,"World","OWID_WRL",1994-01-28,2024-01-28,"All"
"164735",355,5986317,6237,"World","OWID_WRL",1987-01-29,2017-01-28,"All"
"164736",355,13760688,5743,"World","OWID_WRL",1985-09-22,2015-09-22,"All"
"164737",355,11833822,4550,"World","OWID_WRL",1982-06-17,2012-06-16,"All"
"164738",355,9548346,5878,"World","OWID_WRL",1986-02-04,2016-02-04,"All"
"164739",355,7604210,8756,"World","OWID_WRL",1993-12-22,2023-12-22,"All"
"164740",355,5611085,5062,"World","OWID_WRL",1983-11-11,2013-11-10,"All"
"164741",355,9757303,6200,"World","OWID_WRL",1986-12-23,2016-12-22,"All"
"164742",355,12607808,7148,"World","OWID_WRL",1989-07-28,2019-07-28,"All"
"164743",355,10431446,6088,"World","OWID_WRL",1986-09-02,2016-09-01,"All"
"164744",355,5885008,8398,"World","OWID_WRL",1992-12-29,2022-12-29,"All"
"164745",355,10992492,8588,"World","OWID_WRL",1993-07-07,2023-07-07,"All"
"164746",355,9088458,5406,"World","OWID_WRL",1984-10-20,2014-10-20,"All"
"164747",355,12057102,4648,"World","OWID_WRL",1982-09-23,2012-09-22,"All"
"164748",355,12873543,5350,"World","OWID_WRL",1984-08-25,2014-08-25,"All"
"164749",355,6017226,8800,"World","OWID_WRL",1994-02-04,2024-02-04,"All"
"164750",355,12588719,4992,"World","OWID_WRL",1983-09-02,2013-09-01,"All"
"164751",355,6513418,8933,"World","OWID_WRL",1994-06-17,2024-06-16,"All"
"164752",355,7500238,4557,"World","OWID_WRL",1982-06-24,2012-06-23,"All"
"164753",355,5580634,4501,"World","OWID_WRL",1982-04-29,2012-04-28,"All"
"164754",355,5788254,8084,"World","OWID_WRL",1992-02-19,2022-02-18,"All"
"164755",355,8401062,5392,"World","OWID_WRL",1984-10-06,2014-10-06,"All"
"164756",355,9391707,6207,"World","OWID_WRL",1986-12-30,2016-12-29,"All"
"164757",355,5515580,6172,"World","OWID_WRL",1986-11-25,2016-11-24,"All"
"164758",355,11194124,7155,"World","OWID_WRL",1989-08-04,2019-08-04,"All"
"164759",355,7532839,7970,"World","OWID_WRL",1991-10-28,2021-10-27,"All"
"164760",355,10153939,6039,"World","OWID_WRL",1986-07-15,2016-07-14,"All"
"164761",355,9394313,7346,"World","OWID_WRL",1990-02-11,2020-02-11,"All"
"164762",355,7098366,5927,"World","OWID_WRL",1986-03-25,2016-03-24,"All"
"164763",355,11311017,7176,"World","OWID_WRL",1989-08-25,2019-08-25,"All"
"164764",355,11131909,5871,"World","OWID_WRL",1986-01-28,2016-01-28,"All"
"164765",355,3491663,5245,"World","OWID_WRL",1984-05-12,2014-05-12,"All"
"164766",355,6243346,7008,"World","OWID_WRL",1989-03-10,2019-03-10,"All"
"164767",355,15158181,4620,"World","OWID_WRL",1982-08-26,2012-08-25,"All"
"164768",355,11072270,8258,"World","OWID_WRL",1992-08-11,2022-08-11,"All"
"164769",355,6056270,4508,"World","OWID_WRL",1982-05-06,2012-05-05,"All"
"164770",355,6305080,8202,"World","OWID_WRL",1992-06-16,2022-06-16,"All"
"164771",355,5287480,4452,"World","OWID_WRL",1982-03-11,2012-03-10,"All"
"164772",355,5445931,8091,"World","OWID_WRL",1992-02-26,2022-02-25,"All"
"164773",355,4354004,4887,"World","OWID_WRL",1983-05-20,2013-05-19,"All"
"164774",355,10492717,6046,"World","OWID_WRL",1986-07-22,2016-07-21,"All"
"164775",355,7977164,5799,"World","OWID_WRL",1985-11-17,2015-11-17,"All"
"164776",355,9581860,8602,"World","OWID_WRL",1993-07-21,2023-07-21,"All"
"164777",355,4616091,5534,"World","OWID_WRL",1985-02-25,2015-02-25,"All"
"164778",355,13949137,7507,"World","OWID_WRL",1990-07-22,2020-07-21,"All"
"164779",355,8411515,4908,"World","OWID_WRL",1983-06-10,2013-06-09,"All"
"164780",355,8886321,5820,"World","OWID_WRL",1985-12-08,2015-12-08,"All"
"164781",355,10993067,5764,"World","OWID_WRL",1985-10-13,2015-10-13,"All"
"164782",355,3755500,7451,"World","OWID_WRL",1990-05-27,2020-05-26,"All"
"164783",355,9364326,4571,"World","OWID_WRL",1982-07-08,2012-07-07,"All"
"164784",355,10240520,7584,"World","OWID_WRL",1990-10-07,2020-10-06,"All"
"164785",355,5154786,8153,"World","OWID_WRL",1992-04-28,2022-04-28,"All"
"164786",355,4576767,6334,"World","OWID_WRL",1987-05-06,2017-05-05,"All"
"164787",355,3750598,4403,"World","OWID_WRL",1982-01-21,2012-01-21,"All"
"164788",355,9470938,6109,"World","OWID_WRL",1986-09-23,2016-09-22,"All"
"164789",355,6489739,7984,"World","OWID_WRL",1991-11-11,2021-11-10,"All"
"164790",355,9741509,8609,"World","OWID_WRL",1993-07-28,2023-07-28,"All"
"164791",355,7022357,7360,"World","OWID_WRL",1990-02-25,2020-02-25,"All"
"164792",355,11393788,5485,"World","OWID_WRL",1985-01-07,2015-01-07,"All"
"164793",355,6228937,5941,"World","OWID_WRL",1986-04-08,2016-04-07,"All"
"164794",355,5678574,4445,"World","OWID_WRL",1982-03-04,2012-03-03,"All"
"164795",355,6927689,8195,"World","OWID_WRL",1992-06-09,2022-06-09,"All"
"164796",355,9888862,5203,"World","OWID_WRL",1984-03-31,2014-03-31,"All"
"164797",355,5113048,8518,"World","OWID_WRL",1993-04-28,2023-04-28,"All"
"164798",355,11737174,6095,"World","OWID_WRL",1986-09-09,2016-09-08,"All"
"164799",355,12500168,7535,"World","OWID_WRL",1990-08-19,2020-08-18,"All"
"164800",355,4277033,8160,"World","OWID_WRL",1992-05-05,2022-05-05,"All"
"164801",355,6609692,6230,"World","OWID_WRL",1987-01-22,2017-01-21,"All"
"164802",355,8207468,7479,"World","OWID_WRL",1990-06-24,2020-06-23,"All"
"164803",355,4472587,8728,"World","OWID_WRL",1993-11-24,2023-11-24,"All"
"164804",355,7003479,7991,"World","OWID_WRL",1991-11-18,2021-11-17,"All"
"164805",355,15249926,6060,"World","OWID_WRL",1986-08-05,2016-08-04,"All"
"164806",355,6910521,5547,"World","OWID_WRL",1985-03-10,2015-03-10,"All"
"164807",355,8420206,7311,"World","OWID_WRL",1990-01-07,2020-01-07,"All"
"164808",355,7759426,5948,"World","OWID_WRL",1986-04-15,2016-04-14,"All"
"164809",355,10297647,5322,"World","OWID_WRL",1984-07-28,2014-07-28,"All"
"164810",355,6327519,5778,"World","OWID_WRL",1985-10-27,2015-10-27,"All"
"164811",355,6600950,7029,"World","OWID_WRL",1989-03-31,2019-03-31,"All"
"164812",355,12500741,5722,"World","OWID_WRL",1985-09-01,2015-09-01,"All"
"164813",355,6669870,4697,"World","OWID_WRL",1982-11-11,2012-11-10,"All"
"164814",355,3430628,6348,"World","OWID_WRL",1987-05-20,2017-05-19,"All"
"164815",355,11765661,8658,"World","OWID_WRL",1993-09-15,2023-09-15,"All"
"164816",355,4640132,8167,"World","OWID_WRL",1992-05-12,2022-05-12,"All"
"164817",355,11308200,6804,"World","OWID_WRL",1988-08-18,2018-08-18,"All"
"164818",355,5319871,5934,"World","OWID_WRL",1986-04-01,2016-03-31,"All"
"164819",355,9685677,8679,"World","OWID_WRL",1993-10-06,2023-10-06,"All"
"164820",355,11975535,6067,"World","OWID_WRL",1986-08-12,2016-08-11,"All"
"164821",355,7352007,6011,"World","OWID_WRL",1986-06-17,2016-06-16,"All"
"164822",355,336213,6636,"World","OWID_WRL",1988-03-03,2018-03-03,"All"
"164823",355,4904208,5899,"World","OWID_WRL",1986-02-25,2016-02-25,"All"
"164824",355,7304161,6523,"World","OWID_WRL",1987-11-11,2017-11-10,"All"
"164825",355,10256208,5841,"World","OWID_WRL",1985-12-29,2015-12-29,"All"
"164826",355,5308313,4817,"World","OWID_WRL",1983-03-11,2013-03-10,"All"
"164827",355,7534616,6981,"World","OWID_WRL",1989-02-11,2019-02-11,"All"
"164828",355,13346237,4592,"World","OWID_WRL",1982-07-29,2012-07-28,"All"
"164829",355,7064705,4704,"World","OWID_WRL",1982-11-18,2012-11-17,"All"
"164830",355,4267939,6355,"World","OWID_WRL",1987-05-27,2017-05-26,"All"
"164831",355,10243348,6186,"World","OWID_WRL",1986-12-09,2016-12-08,"All"
"164832",355,6493641,4424,"World","OWID_WRL",1982-02-11,2012-02-11,"All"
"164833",355,9121751,8063,"World","OWID_WRL",1992-01-29,2022-01-28,"All"
"164834",355,6433639,6376,"World","OWID_WRL",1987-06-17,2017-06-16,"All"
"164835",355,10482464,5827,"World","OWID_WRL",1985-12-15,2015-12-15,"All"
"164836",355,12406772,8630,"World","OWID_WRL",1993-08-18,2023-08-18,"All"
"164837",355,4238009,7267,"World","OWID_WRL",1989-11-24,2019-11-24,"All"
"164838",355,5247530,5962,"World","OWID_WRL",1986-04-29,2016-04-28,"All"
"164839",355,6985279,7211,"World","OWID_WRL",1989-09-29,2019-09-29,"All"
"164840",355,3833839,4880,"World","OWID_WRL",1983-05-13,2013-05-12,"All"
"164841",355,6431750,5224,"World","OWID_WRL",1984-04-21,2014-04-21,"All"
"164842",355,6296138,7043,"World","OWID_WRL",1989-04-14,2019-04-14,"All"
"164843",355,13984890,4599,"World","OWID_WRL",1982-08-05,2012-08-04,"All"
"164844",355,10711250,8293,"World","OWID_WRL",1992-09-15,2022-09-15,"All"
"164845",355,14984889,7556,"World","OWID_WRL",1990-09-09,2020-09-08,"All"
"164846",355,6481334,8807,"World","OWID_WRL",1994-02-11,2024-02-11,"All"
"164847",355,4970814,4431,"World","OWID_WRL",1982-02-18,2012-02-18,"All"
"164848",355,5586492,8125,"World","OWID_WRL",1992-03-31,2022-03-31,"All"
"164849",355,13193765,6081,"World","OWID_WRL",1986-08-26,2016-08-25,"All"
"164850",355,15379039,8637,"World","OWID_WRL",1993-08-25,2023-08-25,"All"
"164851",355,7730546,7388,"World","OWID_WRL",1990-03-25,2020-03-24,"All"
"164852",355,7848350,5513,"World","OWID_WRL",1985-02-04,2015-02-04,"All"
"164853",355,5779909,5455,"World","OWID_WRL",1984-12-08,2014-12-08,"All"
"164854",355,4943380,5913,"World","OWID_WRL",1986-03-11,2016-03-10,"All"
"164855",355,8440032,7542,"World","OWID_WRL",1990-08-26,2020-08-25,"All"
"164856",355,4352554,7788,"World","OWID_WRL",1991-04-29,2021-04-28,"All"
"164857",355,5554544,7050,"World","OWID_WRL",1989-04-21,2019-04-21,"All"
"164858",355,6601142,6881,"World","OWID_WRL",1988-11-03,2018-11-03,"All"
"164859",355,9838285,5120,"World","OWID_WRL",1984-01-08,2014-01-07,"All"
"164860",355,10194071,6425,"World","OWID_WRL",1987-08-05,2017-08-04,"All"
"164861",355,6832863,4494,"World","OWID_WRL",1982-04-22,2012-04-21,"All"
"164862",355,5649313,8814,"World","OWID_WRL",1994-02-18,2024-02-18,"All"
"164863",355,5990184,4438,"World","OWID_WRL",1982-02-25,2012-02-25,"All"
"164864",355,10062978,8700,"World","OWID_WRL",1993-10-27,2023-10-27,"All"
"164865",355,3345334,6713,"World","OWID_WRL",1988-05-19,2018-05-19,"All"
"164866",355,9126976,6032,"World","OWID_WRL",1986-07-08,2016-07-07,"All"
"164867",355,7211350,7339,"World","OWID_WRL",1990-02-04,2020-02-04,"All"
"164868",355,7167851,7281,"World","OWID_WRL",1989-12-08,2019-12-08,"All"
"164869",355,5292486,5920,"World","OWID_WRL",1986-03-18,2016-03-17,"All"
"164870",355,6268984,4838,"World","OWID_WRL",1983-04-01,2013-03-31,"All"
"164871",355,5753328,5182,"World","OWID_WRL",1984-03-10,2014-03-10,"All"
"164872",355,9441990,5750,"World","OWID_WRL",1985-09-29,2015-09-29,"All"
"164873",355,5361408,8877,"World","OWID_WRL",1994-04-22,2024-04-21,"All"
"164874",355,9232451,8307,"World","OWID_WRL",1992-09-29,2022-09-29,"All"
"164875",355,10138911,7570,"World","OWID_WRL",1990-09-23,2020-09-22,"All"
"164876",355,9185009,6946,"World","OWID_WRL",1989-01-07,2019-01-07,"All"
"164877",355,4140022,6320,"World","OWID_WRL",1987-04-22,2017-04-21,"All"
"164878",355,4019562,7458,"World","OWID_WRL",1990-06-03,2020-06-02,"All"
"164879",355,7626580,6151,"World","OWID_WRL",1986-11-04,2016-11-03,"All"
"164880",355,8576663,8026,"World","OWID_WRL",1991-12-23,2021-12-22,"All"
"164881",355,13685179,8651,"World","OWID_WRL",1993-09-08,2023-09-08,"All"
"164882",355,6305810,5582,"World","OWID_WRL",1985-04-14,2015-04-14,"All"
"164883",355,6399205,5413,"World","OWID_WRL",1984-10-27,2014-10-27,"All"
"164884",355,5305924,5983,"World","OWID_WRL",1986-05-20,2016-05-19,"All"
"164885",355,11757232,5357,"World","OWID_WRL",1984-09-01,2014-09-01,"All"
"164886",355,6186105,5813,"World","OWID_WRL",1985-12-01,2015-12-01,"All"
"164887",355,4858921,7064,"World","OWID_WRL",1989-05-05,2019-05-05,"All"
"164888",355,8460184,7691,"World","OWID_WRL",1991-01-22,2021-01-21,"All"
"164889",355,10681244,6439,"World","OWID_WRL",1987-08-19,2017-08-18,"All"
"164890",355,12534619,7577,"World","OWID_WRL",1990-09-30,2020-09-29,"All"
"164891",355,5731377,8146,"World","OWID_WRL",1992-04-21,2022-04-21,"All"
"164892",355,10739922,5834,"World","OWID_WRL",1985-12-22,2015-12-22,"All"
"164893",355,5354342,6271,"World","OWID_WRL",1987-03-04,2017-03-03,"All"
"164894",355,7566600,6158,"World","OWID_WRL",1986-11-11,2016-11-10,"All"
"164895",355,12740217,6102,"World","OWID_WRL",1986-09-16,2016-09-15,"All"
"164896",355,7220096,7977,"World","OWID_WRL",1991-11-04,2021-11-03,"All"
"164897",355,4860444,6671,"World","OWID_WRL",1988-04-07,2018-04-07,"All"
"164898",355,12816051,7921,"World","OWID_WRL",1991-09-09,2021-09-08,"All"
"164899",355,10438419,7865,"World","OWID_WRL",1991-07-15,2021-07-14,"All"
"164900",355,12381650,7183,"World","OWID_WRL",1989-09-01,2019-09-01,"All"
"164901",355,5066987,4852,"World","OWID_WRL",1983-04-15,2013-04-14,"All"
"164902",355,9349586,4739,"World","OWID_WRL",1982-12-23,2012-12-22,"All"
"164903",355,14288885,4627,"World","OWID_WRL",1982-09-02,2012-09-01,"All"
"164904",355,8695201,4683,"World","OWID_WRL",1982-10-28,2012-10-27,"All"
"164905",355,0,6902,"World","OWID_WRL",1988-11-24,2018-11-24,"All"
"164906",355,5116680,4515,"World","OWID_WRL",1982-05-13,2012-05-12,"All"
"164907",355,8699733,8779,"World","OWID_WRL",1994-01-14,2024-01-14,"All"
"164908",355,7215973,6223,"World","OWID_WRL",1987-01-15,2017-01-14,"All"
"164909",355,5329338,8097,"World","OWID_WRL",1992-03-03,2022-03-03,"All"
"164910",355,6949522,7472,"World","OWID_WRL",1990-06-17,2020-06-16,"All"
"164911",355,10708276,6053,"World","OWID_WRL",1986-07-29,2016-07-28,"All"
"164912",355,6835275,6734,"World","OWID_WRL",1988-06-09,2018-06-09,"All"
"164913",355,10128000,7302,"World","OWID_WRL",1989-12-29,2019-12-29,"All"
"164914",355,5479299,8553,"World","OWID_WRL",1993-06-02,2023-06-02,"All"
"164915",355,4912247,4859,"World","OWID_WRL",1983-04-22,2013-04-21,"All"
"164916",355,8659949,5885,"World","OWID_WRL",1986-02-11,2016-02-11,"All"
"164917",355,4762556,5259,"World","OWID_WRL",1984-05-26,2014-05-26,"All"
"164918",355,6922009,7022,"World","OWID_WRL",1989-03-24,2019-03-24,"All"
"164919",355,5854379,5034,"World","OWID_WRL",1983-10-14,2013-10-13,"All"
"164920",355,9474444,8272,"World","OWID_WRL",1992-08-25,2022-08-25,"All"
"164921",355,5176149,4522,"World","OWID_WRL",1982-05-20,2012-05-19,"All"
"164922",355,3676058,8842,"World","OWID_WRL",1994-03-18,2024-03-17,"All"
"164923",355,4045262,6341,"World","OWID_WRL",1987-05-13,2017-05-12,"All"
"164924",355,4602562,7423,"World","OWID_WRL",1990-04-29,2020-04-28,"All"
"164925",355,8899879,8672,"World","OWID_WRL",1993-09-29,2023-09-29,"All"
"164926",355,5837150,6741,"World","OWID_WRL",1988-06-16,2018-06-16,"All"
"164927",355,6320064,7367,"World","OWID_WRL",1990-03-04,2020-03-03,"All"
"164928",355,5930116,6685,"World","OWID_WRL",1988-04-21,2018-04-21,"All"
"164929",355,11696965,7879,"World","OWID_WRL",1991-07-29,2021-07-28,"All"
"164930",355,6231646,8504,"World","OWID_WRL",1993-04-14,2023-04-14,"All"
"164931",355,6390858,5892,"World","OWID_WRL",1986-02-18,2016-02-18,"All"
"164932",355,9227060,8693,"World","OWID_WRL",1993-10-20,2023-10-20,"All"
"164933",355,5818205,5210,"World","OWID_WRL",1984-04-07,2014-04-07,"All"
"164934",355,2822417,8849,"World","OWID_WRL",1994-03-25,2024-03-24,"All"
"164935",355,8546252,6404,"World","OWID_WRL",1987-07-15,2017-07-14,"All"
"164936",355,13142972,4585,"World","OWID_WRL",1982-07-22,2012-07-21,"All"
"164937",355,0,6916,"World","OWID_WRL",1988-12-08,2018-12-08,"All"
"164938",355,4381917,6292,"World","OWID_WRL",1987-03-25,2017-03-24,"All"
"164939",355,3915956,7430,"World","OWID_WRL",1990-05-06,2020-05-05,"All"
"164940",355,5281782,6123,"World","OWID_WRL",1986-10-07,2016-10-06,"All"
"164941",355,6844642,7998,"World","OWID_WRL",1991-11-25,2021-11-24,"All"
"164942",355,10855969,8623,"World","OWID_WRL",1993-08-11,2023-08-11,"All"
"164943",355,6066405,6692,"World","OWID_WRL",1988-04-28,2018-04-28,"All"
"164944",355,3931410,7260,"World","OWID_WRL",1989-11-17,2019-11-17,"All"
"164945",355,5566264,5955,"World","OWID_WRL",1986-04-22,2016-04-21,"All"
"164946",355,10471303,5329,"World","OWID_WRL",1984-08-04,2014-08-04,"All"
"164947",355,7045679,5217,"World","OWID_WRL",1984-04-14,2014-04-14,"All"
"164948",355,5654066,7036,"World","OWID_WRL",1989-04-07,2019-04-07,"All"
"164949",355,5243309,8912,"World","OWID_WRL",1994-05-27,2024-05-26,"All"
"164950",355,5311484,8856,"World","OWID_WRL",1994-04-01,2024-03-31,"All"
"164951",355,10256509,7549,"World","OWID_WRL",1990-09-02,2020-09-01,"All"
"164952",355,4906454,8174,"World","OWID_WRL",1992-05-19,2022-05-19,"All"
"164953",355,6733842,6244,"World","OWID_WRL",1987-02-05,2017-02-04,"All"
"164954",355,8929611,7493,"World","OWID_WRL",1990-07-08,2020-07-07,"All"
"164955",355,8046801,6130,"World","OWID_WRL",1986-10-14,2016-10-13,"All"
"164956",355,7816929,6018,"World","OWID_WRL",1986-06-24,2016-06-23,"All"
"164957",355,10423968,6074,"World","OWID_WRL",1986-08-19,2016-08-18,"All"
"164958",355,5419965,6643,"World","OWID_WRL",1988-03-10,2018-03-10,"All"
"164959",355,6217196,5448,"World","OWID_WRL",1984-12-01,2014-12-01,"All"
"164960",355,4496836,5906,"World","OWID_WRL",1986-03-04,2016-03-03,"All"
"164961",355,5647423,6530,"World","OWID_WRL",1987-11-18,2017-11-17,"All"
"164962",355,7273826,8407,"World","OWID_WRL",1993-01-07,2023-01-07,"All"
"164963",355,4982815,4824,"World","OWID_WRL",1983-03-18,2013-03-17,"All"
"164964",355,7868853,4711,"World","OWID_WRL",1982-11-25,2012-11-24,"All"
"164965",355,10762335,4655,"World","OWID_WRL",1982-09-30,2012-09-29,"All"
"164966",355,8524403,4543,"World","OWID_WRL",1982-06-10,2012-06-09,"All"
"164967",355,5133176,6362,"World","OWID_WRL",1987-06-03,2017-06-02,"All"
"164968",355,6861268,6251,"World","OWID_WRL",1987-02-12,2017-02-11,"All"
"164969",355,13061234,6818,"World","OWID_WRL",1988-09-01,2018-09-01,"All"
"164970",355,7420680,8070,"World","OWID_WRL",1992-02-05,2022-02-04,"All"
"164971",355,4692829,6706,"World","OWID_WRL",1988-05-12,2018-05-12,"All"
"164972",355,7325271,6383,"World","OWID_WRL",1987-06-24,2017-06-23,"All"
"164973",355,9331896,7332,"World","OWID_WRL",1990-01-28,2020-01-28,"All"
"164974",355,6994144,7274,"World","OWID_WRL",1989-12-01,2019-12-01,"All"
"164975",355,6013368,8525,"World","OWID_WRL",1993-05-05,2023-05-05,"All"
"164976",355,13329882,7162,"World","OWID_WRL",1989-08-11,2019-08-11,"All"
"164977",355,8452672,5857,"World","OWID_WRL",1986-01-14,2016-01-14,"All"
"164978",355,4767833,5231,"World","OWID_WRL",1984-04-28,2014-04-28,"All"
"164979",355,6591794,6995,"World","OWID_WRL",1989-02-25,2019-02-25,"All"
"164980",355,10355384,8300,"World","OWID_WRL",1992-09-22,2022-09-22,"All"
"164981",355,9007500,8244,"World","OWID_WRL",1992-07-28,2022-07-28,"All"
"164982",355,13621735,7563,"World","OWID_WRL",1990-09-16,2020-09-15,"All"
"164983",355,7703894,6369,"World","OWID_WRL",1987-06-10,2017-06-09,"All"
"164984",355,5569407,8188,"World","OWID_WRL",1992-06-02,2022-06-02,"All"
"164985",355,6010356,6144,"World","OWID_WRL",1986-10-28,2016-10-27,"All"
"164986",355,7482846,8019,"World","OWID_WRL",1991-12-16,2021-12-15,"All"
"164987",355,12137370,8644,"World","OWID_WRL",1993-09-01,2023-09-01,"All"
"164988",355,5873902,5575,"World","OWID_WRL",1985-04-07,2015-04-07,"All"
"164989",355,5099215,5520,"World","OWID_WRL",1985-02-11,2015-02-11,"All"
"164990",355,5442208,5976,"World","OWID_WRL",1986-05-13,2016-05-12,"All"
"164991",355,4473134,4894,"World","OWID_WRL",1983-05-27,2013-05-26,"All"
"164992",355,7589443,5864,"World","OWID_WRL",1986-01-21,2016-01-21,"All"
"164993",355,7459510,5806,"World","OWID_WRL",1985-11-24,2015-11-24,"All"
"164994",355,5057251,7057,"World","OWID_WRL",1989-04-28,2019-04-28,"All"
"164995",355,8040106,4669,"World","OWID_WRL",1982-10-14,2012-10-13,"All"
"164996",355,8113627,8251,"World","OWID_WRL",1992-08-04,2022-08-04,"All"
"164997",355,7624786,6488,"World","OWID_WRL",1987-10-07,2017-10-06,"All"
"164998",355,4691085,8363,"World","OWID_WRL",1992-11-24,2022-11-24,"All"
"164999",355,9877144,4746,"World","OWID_WRL",1982-12-30,2012-12-29,"All"
"165000",355,11704147,6832,"World","OWID_WRL",1988-09-15,2018-09-15,"All"
"165001",355,4369745,5638,"World","OWID_WRL",1985-06-09,2015-06-09,"All"
"165002",355,3333761,6720,"World","OWID_WRL",1988-05-26,2018-05-26,"All"
"165003",355,6638203,7402,"World","OWID_WRL",1990-04-08,2020-04-07,"All"
"165004",355,4966833,6664,"World","OWID_WRL",1988-03-31,2018-03-31,"All"
"165005",355,9687002,5469,"World","OWID_WRL",1984-12-22,2014-12-22,"All"
"165006",355,8558691,6551,"World","OWID_WRL",1987-12-09,2017-12-08,"All"
"165007",355,3760711,7802,"World","OWID_WRL",1991-05-13,2021-05-12,"All"
"165008",355,8874434,7120,"World","OWID_WRL",1989-06-30,2019-06-30,"All"
"165009",355,6353656,4790,"World","OWID_WRL",1983-02-12,2013-02-11,"All"
"165010",355,6060834,8884,"World","OWID_WRL",1994-04-29,2024-04-28,"All"
"165011",355,9113690,4732,"World","OWID_WRL",1982-12-16,2012-12-15,"All"
"165012",355,5469558,4866,"World","OWID_WRL",1983-04-29,2013-04-28,"All"
"165013",355,5644682,7823,"World","OWID_WRL",1991-06-03,2021-06-02,"All"
"165014",355,4460384,6327,"World","OWID_WRL",1987-04-29,2017-04-28,"All"
"165015",355,4874366,7465,"World","OWID_WRL",1990-06-10,2020-06-09,"All"
"165016",355,7690991,8714,"World","OWID_WRL",1993-11-10,2023-11-10,"All"
"165017",355,6045167,8033,"World","OWID_WRL",1991-12-30,2021-12-29,"All"
"165018",355,6344351,7409,"World","OWID_WRL",1990-04-15,2020-04-14,"All"
"165019",355,7429331,7353,"World","OWID_WRL",1990-02-18,2020-02-18,"All"
"165020",355,9897811,6860,"World","OWID_WRL",1988-10-13,2018-10-13,"All"
"165021",355,9967365,5476,"World","OWID_WRL",1984-12-29,2014-12-29,"All"
"165022",355,9977040,6558,"World","OWID_WRL",1987-12-16,2017-12-15,"All"
"165023",355,4676897,4797,"World","OWID_WRL",1983-02-19,2013-02-18,"All"
"165024",355,6472250,7015,"World","OWID_WRL",1989-03-17,2019-03-17,"All"
"165025",355,11074458,6502,"World","OWID_WRL",1987-10-21,2017-10-20,"All"
"165026",355,11659847,8265,"World","OWID_WRL",1992-08-18,2022-08-18,"All"
"165027",355,6965332,6960,"World","OWID_WRL",1989-01-21,2019-01-21,"All"
"165028",355,5737173,8209,"World","OWID_WRL",1992-06-23,2022-06-23,"All"
"165029",355,9844849,6790,"World","OWID_WRL",1988-08-04,2018-08-04,"All"
"165030",355,4414589,6278,"World","OWID_WRL",1987-03-11,2017-03-10,"All"
"165031",355,17555806,6467,"World","OWID_WRL",1987-09-16,2017-09-15,"All"
"165032",355,8671602,5652,"World","OWID_WRL",1985-06-23,2015-06-23,"All"
"165033",355,7415753,6923,"World","OWID_WRL",1988-12-15,2018-12-15,"All"
"165034",355,6324008,6678,"World","OWID_WRL",1988-04-14,2018-04-14,"All"
"165035",355,12967690,7928,"World","OWID_WRL",1991-09-16,2021-09-15,"All"
"165036",355,3614899,7437,"World","OWID_WRL",1990-05-13,2020-05-12,"All"
"165037",355,13739060,7190,"World","OWID_WRL",1989-09-08,2019-09-08,"All"
"165038",355,7537225,7816,"World","OWID_WRL",1991-05-27,2021-05-26,"All"
"165039",355,7319570,7381,"World","OWID_WRL",1990-03-18,2020-03-17,"All"
"165040",355,6625496,5148,"World","OWID_WRL",1984-02-05,2014-02-04,"All"
"165041",355,10201517,4578,"World","OWID_WRL",1982-07-15,2012-07-14,"All"
"165042",355,6409433,7591,"World","OWID_WRL",1990-10-14,2020-10-13,"All"
"165043",355,7604589,6397,"World","OWID_WRL",1987-07-08,2017-07-07,"All"
"165044",355,7843705,8216,"World","OWID_WRL",1992-06-30,2022-06-30,"All"
"165045",355,9181210,6853,"World","OWID_WRL",1988-10-06,2018-10-06,"All"
"165046",355,9762216,5659,"World","OWID_WRL",1985-06-30,2015-06-30,"All"
"165047",355,5665375,8863,"World","OWID_WRL",1994-04-08,2024-04-07,"All"
"165048",355,4556723,5603,"World","OWID_WRL",1985-05-05,2015-05-05,"All"
"165049",355,3841348,8181,"World","OWID_WRL",1992-05-26,2022-05-26,"All"
"165050",355,10289179,5492,"World","OWID_WRL",1985-01-14,2015-01-14,"All"
"165051",355,5295158,8560,"World","OWID_WRL",1993-06-09,2023-06-09,"All"
"165052",355,9537846,5680,"World","OWID_WRL",1985-07-21,2015-07-21,"All"
"165053",355,8553806,6762,"World","OWID_WRL",1988-07-07,2018-07-07,"All"
"165054",355,4092692,5266,"World","OWID_WRL",1984-06-02,2014-06-02,"All"
"165055",355,6026282,7654,"World","OWID_WRL",1990-12-16,2020-12-15,"All"
"165056",355,11740959,8279,"World","OWID_WRL",1992-09-01,2022-09-01,"All"
"165057",355,6090946,7598,"World","OWID_WRL",1990-10-21,2020-10-20,"All"
"165058",355,14994769,6460,"World","OWID_WRL",1987-09-09,2017-09-08,"All"
"165059",355,5816825,8335,"World","OWID_WRL",1992-10-27,2022-10-27,"All"
"165060",355,6477790,4776,"World","OWID_WRL",1983-01-29,2013-01-28,"All"
"165061",355,4722797,8735,"World","OWID_WRL",1993-12-01,2023-12-01,"All"
"165062",355,10860496,5666,"World","OWID_WRL",1985-07-07,2015-07-07,"All"
"165063",355,4414216,5610,"World","OWID_WRL",1985-05-12,2015-05-12,"All"
"165064",355,7598271,5554,"World","OWID_WRL",1985-03-17,2015-03-17,"All"
"165065",355,11248801,7318,"World","OWID_WRL",1990-01-14,2020-01-14,"All"
"165066",355,6605142,8567,"World","OWID_WRL",1993-06-16,2023-06-16,"All"
"165067",355,5564426,8511,"World","OWID_WRL",1993-04-21,2023-04-21,"All"
"165068",355,4961206,4873,"World","OWID_WRL",1983-05-06,2013-05-05,"All"
"165069",355,5366057,7092,"World","OWID_WRL",1989-06-02,2019-06-02,"All"
"165070",355,9504512,4762,"World","OWID_WRL",1983-01-15,2013-01-14,"All"
"165071",355,9222246,5462,"World","OWID_WRL",1984-12-15,2014-12-15,"All"
"165072",355,9171507,6411,"World","OWID_WRL",1987-07-22,2017-07-21,"All"
"165073",355,15414018,7169,"World","OWID_WRL",1989-08-18,2019-08-18,"All"
"165074",355,3332936,7795,"World","OWID_WRL",1991-05-06,2021-05-05,"All"
"165075",355,5426845,6299,"World","OWID_WRL",1987-04-01,2017-03-31,"All"
"165076",355,11916421,6432,"World","OWID_WRL",1987-08-12,2017-08-11,"All"
"165077",355,9875844,8686,"World","OWID_WRL",1993-10-13,2023-10-13,"All"
"165078",355,6272766,8005,"World","OWID_WRL",1991-12-02,2021-12-01,"All"
"165079",355,9099902,6565,"World","OWID_WRL",1987-12-23,2017-12-22,"All"
"165080",355,9493197,7893,"World","OWID_WRL",1991-08-12,2021-08-11,"All"
"165081",355,7396454,5506,"World","OWID_WRL",1985-01-28,2015-01-28,"All"
"165082",355,8760850,6588,"World","OWID_WRL",1988-01-15,2018-01-14,"All"
"165083",355,4387534,7837,"World","OWID_WRL",1991-06-17,2021-06-16,"All"
"165084",355,7675190,4769,"World","OWID_WRL",1983-01-22,2013-01-21,"All"
"165085",355,6398072,6988,"World","OWID_WRL",1989-02-18,2019-02-18,"All"
"165086",355,13062467,6474,"World","OWID_WRL",1987-09-23,2017-09-22,"All"
"165087",355,4595730,8539,"World","OWID_WRL",1993-05-19,2023-05-19,"All"
"165088",355,9396726,6930,"World","OWID_WRL",1988-12-22,2018-12-22,"All"
"165089",355,8336208,7858,"World","OWID_WRL",1991-07-08,2021-07-07,"All"
"165090",355,6972730,6306,"World","OWID_WRL",1987-04-08,2017-04-07,"All"
"165091",355,8574571,7500,"World","OWID_WRL",1990-07-15,2020-07-14,"All"
"165092",355,6020216,7633,"World","OWID_WRL",1990-11-25,2020-11-24,"All"
"165093",355,7887787,6953,"World","OWID_WRL",1989-01-14,2019-01-14,"All"
"165094",355,13484646,7197,"World","OWID_WRL",1989-09-15,2019-09-15,"All"
"165095",355,4998359,6650,"World","OWID_WRL",1988-03-17,2018-03-17,"All"
"165096",355,11633813,7900,"World","OWID_WRL",1991-08-19,2021-08-18,"All"
"165097",355,4552122,7218,"World","OWID_WRL",1989-10-06,2019-10-06,"All"
"165098",355,5451696,7844,"World","OWID_WRL",1991-06-24,2021-06-23,"All"
"165099",355,6649979,8414,"World","OWID_WRL",1993-01-14,2023-01-14,"All"
"165100",355,6148893,5589,"World","OWID_WRL",1985-04-21,2015-04-21,"All"
"165101",355,13284253,4606,"World","OWID_WRL",1982-08-12,2012-08-11,"All"
"165102",355,9926645,4662,"World","OWID_WRL",1982-10-07,2012-10-06,"All"
"165103",355,5017817,8132,"World","OWID_WRL",1992-04-07,2022-04-07,"All"
"165104",355,7183524,6937,"World","OWID_WRL",1988-12-29,2018-12-29,"All"
"165105",355,5356984,7071,"World","OWID_WRL",1989-05-12,2019-05-12,"All"
"165106",355,11889888,6825,"World","OWID_WRL",1988-09-08,2018-09-08,"All"
"165107",355,3529704,5631,"World","OWID_WRL",1985-06-02,2015-06-02,"All"
"165108",355,10527971,5687,"World","OWID_WRL",1985-07-28,2015-07-28,"All"
"165109",355,9293149,7395,"World","OWID_WRL",1990-04-01,2020-03-31,"All"
"165110",355,5844874,6657,"World","OWID_WRL",1988-03-24,2018-03-24,"All"
"165111",355,4481035,8456,"World","OWID_WRL",1993-02-25,2023-02-25,"All"
"165112",355,6369702,8532,"World","OWID_WRL",1993-05-12,2023-05-12,"All"
"165113",355,6661636,8721,"World","OWID_WRL",1993-11-17,2023-11-17,"All"
"165114",355,5924020,7225,"World","OWID_WRL",1989-10-13,2019-10-13,"All"
"165115",355,6230866,7001,"World","OWID_WRL",1989-03-03,2019-03-03,"All"
"165116",355,5831825,5596,"World","OWID_WRL",1985-04-28,2015-04-28,"All"
"165117",355,13488697,4613,"World","OWID_WRL",1982-08-19,2012-08-18,"All"
"165118",355,7369706,7684,"World","OWID_WRL",1991-01-15,2021-01-14,"All"
"165119",355,6948275,8742,"World","OWID_WRL",1993-12-08,2023-12-08,"All"
"165120",355,6739347,4804,"World","OWID_WRL",1983-02-26,2013-02-25,"All"
"165121",355,18064076,4634,"World","OWID_WRL",1982-09-09,2012-09-08,"All"
"165122",355,6258536,8707,"World","OWID_WRL",1993-11-03,2023-11-03,"All"
"165123",355,9455538,6776,"World","OWID_WRL",1988-07-21,2018-07-21,"All"
"165124",355,6506174,6967,"World","OWID_WRL",1989-01-28,2019-01-28,"All"
"165125",355,4695025,8462,"World","OWID_WRL",1993-03-03,2023-03-03,"All"
"165126",355,7149608,7288,"World","OWID_WRL",1989-12-15,2019-12-15,"All"
"165127",355,1615887,8919,"World","OWID_WRL",1994-06-03,2024-06-02,"All"
"165128",355,5424462,4901,"World","OWID_WRL",1983-06-03,2013-06-02,"All"
"165129",355,12277979,6418,"World","OWID_WRL",1987-07-29,2017-07-28,"All"
"165130",355,6956616,8483,"World","OWID_WRL",1993-03-24,2023-03-24,"All"
"165131",355,7096318,6495,"World","OWID_WRL",1987-10-14,2017-10-13,"All"
"165132",355,4453349,7746,"World","OWID_WRL",1991-03-18,2021-03-17,"All"
"165133",355,6485102,8749,"World","OWID_WRL",1993-12-15,2023-12-15,"All"
"165134",355,11968475,8314,"World","OWID_WRL",1992-10-06,2022-10-06,"All"
"165135",355,8028100,8449,"World","OWID_WRL",1993-02-18,2023-02-18,"All"
"165136",355,4830655,6974,"World","OWID_WRL",1989-02-04,2019-02-04,"All"
"165137",355,14321744,5701,"World","OWID_WRL",1985-08-11,2015-08-11,"All"
"165138",355,7294149,5645,"World","OWID_WRL",1985-06-16,2015-06-16,"All"
"165139",355,4983855,6727,"World","OWID_WRL",1988-06-02,2018-06-02,"All"
"165140",355,4516968,8469,"World","OWID_WRL",1993-03-10,2023-03-10,"All"
"165141",355,8552235,6846,"World","OWID_WRL",1988-09-29,2018-09-29,"All"
"165142",355,7570411,4718,"World","OWID_WRL",1982-12-02,2012-12-01,"All"
"165143",355,7569164,6481,"World","OWID_WRL",1987-09-30,2017-09-29,"All"
"165144",355,4948543,7809,"World","OWID_WRL",1991-05-20,2021-05-19,"All"
"165145",355,6108833,7374,"World","OWID_WRL",1990-03-11,2020-03-10,"All"
"165146",355,6545362,7698,"World","OWID_WRL",1991-01-29,2021-01-28,"All"
"165147",355,14637406,6446,"World","OWID_WRL",1987-08-26,2017-08-25,"All"
"165148",355,8447991,8321,"World","OWID_WRL",1992-10-13,2022-10-13,"All"
"165149",355,7988879,6390,"World","OWID_WRL",1987-07-01,2017-06-30,"All"
"165150",355,3783895,7830,"World","OWID_WRL",1991-06-10,2021-06-09,"All"
"165151",355,11234138,7204,"World","OWID_WRL",1989-09-22,2019-09-22,"All"
"165152",355,6653506,7661,"World","OWID_WRL",1990-12-23,2020-12-22,"All"
"165153",355,13476952,8286,"World","OWID_WRL",1992-09-08,2022-09-08,"All"
"165154",355,5039577,5527,"World","OWID_WRL",1985-02-18,2015-02-18,"All"
"165155",355,7632712,7851,"World","OWID_WRL",1991-07-01,2021-06-30,"All"
"165156",355,4097907,5238,"World","OWID_WRL",1984-05-05,2014-05-05,"All"
"165157",355,7502828,6867,"World","OWID_WRL",1988-10-20,2018-10-20,"All"
"165158",355,11163092,5673,"World","OWID_WRL",1985-07-14,2015-07-14,"All"
"165159",355,6452696,7739,"World","OWID_WRL",1991-03-11,2021-03-10,"All"
"165160",355,4007508,5617,"World","OWID_WRL",1985-05-19,2015-05-19,"All"
"165161",355,4401542,6699,"World","OWID_WRL",1988-05-05,2018-05-05,"All"
"165162",355,7051884,4690,"World","OWID_WRL",1982-11-04,2012-11-03,"All"
"165163",355,0,6909,"World","OWID_WRL",1988-12-01,2018-12-01,"All"
"165164",355,17507062,6453,"World","OWID_WRL",1987-09-02,2017-09-01,"All"
"165165",355,4911307,8328,"World","OWID_WRL",1992-10-20,2022-10-20,"All"
"165166",355,13229324,6797,"World","OWID_WRL",1988-08-11,2018-08-11,"All"
"165167",355,9395503,6783,"World","OWID_WRL",1988-07-28,2018-07-28,"All"
"165168",355,5035168,8349,"World","OWID_WRL",1992-11-10,2022-11-10,"All"
"165169",355,7222768,7668,"World","OWID_WRL",1990-12-30,2020-12-29,"All"
"165170",355,4937122,8428,"World","OWID_WRL",1993-01-28,2023-01-28,"All"
"165171",355,9976827,7935,"World","OWID_WRL",1991-09-23,2021-09-22,"All"
"165172",355,5842464,7619,"World","OWID_WRL",1990-11-11,2020-11-10,"All"
"165173",355,4015758,8370,"World","OWID_WRL",1992-12-01,2022-12-01,"All"
"165174",355,3943797,7444,"World","OWID_WRL",1990-05-20,2020-05-19,"All"
"165175",355,9079820,6874,"World","OWID_WRL",1988-10-27,2018-10-27,"All"
"165176",355,8695930,6572,"World","OWID_WRL",1987-12-30,2017-12-29,"All"
"165177",355,7459592,6516,"World","OWID_WRL",1987-11-04,2017-11-03,"All"
"165178",355,6234973,7712,"World","OWID_WRL",1991-02-12,2021-02-11,"All"
"165179",355,5766786,8391,"World","OWID_WRL",1992-12-22,2022-12-22,"All"
"165180",355,5097178,7719,"World","OWID_WRL",1991-02-19,2021-02-18,"All"
"165181",355,5547544,7605,"World","OWID_WRL",1990-10-28,2020-10-27,"All"
"165182",355,6462515,8342,"World","OWID_WRL",1992-11-03,2022-11-03,"All"
"165183",355,8022238,7106,"World","OWID_WRL",1989-06-16,2019-06-16,"All"
"165184",355,5629082,6748,"World","OWID_WRL",1988-06-23,2018-06-23,"All"
"165185",355,6848421,4725,"World","OWID_WRL",1982-12-09,2012-12-08,"All"
"165186",355,10967442,7127,"World","OWID_WRL",1989-07-07,2019-07-07,"All"
"165187",355,9543060,7886,"World","OWID_WRL",1991-08-05,2021-08-04,"All"
"165188",355,5791484,8891,"World","OWID_WRL",1994-05-06,2024-05-05,"All"
"165189",355,5396663,7640,"World","OWID_WRL",1990-12-02,2020-12-01,"All"
"165190",355,8820006,6769,"World","OWID_WRL",1988-07-14,2018-07-14,"All"
"165191",355,6935330,7949,"World","OWID_WRL",1991-10-07,2021-10-06,"All"
"165192",355,11967107,7907,"World","OWID_WRL",1991-08-26,2021-08-25,"All"
"165193",355,8493940,7099,"World","OWID_WRL",1989-06-09,2019-06-09,"All"
"165194",355,7244812,6595,"World","OWID_WRL",1988-01-22,2018-01-21,"All"
"165195",355,13529381,7914,"World","OWID_WRL",1991-09-02,2021-09-01,"All"
"165196",355,8259586,6544,"World","OWID_WRL",1987-12-02,2017-12-01,"All"
"165197",355,6084693,7626,"World","OWID_WRL",1990-11-18,2020-11-17,"All"
"165198",355,2798116,6609,"World","OWID_WRL",1988-02-05,2018-02-04,"All"
"165199",355,4962267,8356,"World","OWID_WRL",1992-11-17,2022-11-17,"All"
"165200",355,8410845,7113,"World","OWID_WRL",1989-06-23,2019-06-23,"All"
"165201",355,7138945,8442,"World","OWID_WRL",1993-02-11,2023-02-11,"All"
"165202",355,8735571,7325,"World","OWID_WRL",1990-01-21,2020-01-21,"All"
"165203",355,6249484,8574,"World","OWID_WRL",1993-06-23,2023-06-23,"All"
"165204",355,5727525,5568,"World","OWID_WRL",1985-03-31,2015-03-31,"All"
"165205",355,5522143,8898,"World","OWID_WRL",1994-05-13,2024-05-12,"All"
"165206",355,5998600,6537,"World","OWID_WRL",1987-11-25,2017-11-24,"All"
"165207",355,5906157,7647,"World","OWID_WRL",1990-12-09,2020-12-08,"All"
"165208",355,12795980,7141,"World","OWID_WRL",1989-07-21,2019-07-21,"All"
"165209",355,6362682,7726,"World","OWID_WRL",1991-02-26,2021-02-25,"All"
"165210",355,5807623,7612,"World","OWID_WRL",1990-11-04,2020-11-03,"All"
"165211",355,5809170,8870,"World","OWID_WRL",1994-04-15,2024-04-14,"All"
"165212",355,8407530,4783,"World","OWID_WRL",1983-02-05,2013-02-04,"All"
"165213",355,6243280,7677,"World","OWID_WRL",1991-01-08,2021-01-07,"All"
"165214",355,6832917,6313,"World","OWID_WRL",1987-04-15,2017-04-14,"All"
"165215",355,7288496,5499,"World","OWID_WRL",1985-01-21,2015-01-21,"All"
"165216",355,5176043,8377,"World","OWID_WRL",1992-12-08,2022-12-08,"All"
"165217",355,14109925,5694,"World","OWID_WRL",1985-08-04,2015-08-04,"All"
"165218",355,12006380,6839,"World","OWID_WRL",1988-09-22,2018-09-22,"All"
"165219",355,8567571,6581,"World","OWID_WRL",1988-01-08,2018-01-07,"All"
"165220",355,3384366,7085,"World","OWID_WRL",1989-05-26,2019-05-26,"All"
"165221",355,6416582,8384,"World","OWID_WRL",1992-12-15,2022-12-15,"All"
"165222",355,8761860,7732,"World","OWID_WRL",1991-03-04,2021-03-03,"All"
"165223",355,7604567,7705,"World","OWID_WRL",1991-02-05,2021-02-04,"All"
"165224",355,6257146,8421,"World","OWID_WRL",1993-01-21,2023-01-21,"All"
"165225",355,5740867,7232,"World","OWID_WRL",1989-10-20,2019-10-20,"All"
"165226",355,8438876,7942,"World","OWID_WRL",1991-09-30,2021-09-29,"All"
"165227",355,4033021,8476,"World","OWID_WRL",1993-03-17,2023-03-17,"All"
"165228",355,6497450,6755,"World","OWID_WRL",1988-06-30,2018-06-30,"All"
"165229",355,3972890,7078,"World","OWID_WRL",1989-05-19,2019-05-19,"All"
"165230",355,6383360,8926,"World","OWID_WRL",1994-06-10,2024-06-09,"All"
"165231",355,6556328,5561,"World","OWID_WRL",1985-03-24,2015-03-24,"All"
"165232",355,7404509,7760,"World","OWID_WRL",1991-04-01,2021-03-31,"All"
"165233",355,5491051,4810,"World","OWID_WRL",1983-03-04,2013-03-03,"All"
"165234",355,6815109,8435,"World","OWID_WRL",1993-02-04,2023-02-04,"All"
"165235",355,6926275,6602,"World","OWID_WRL",1988-01-29,2018-01-28,"All"
"165236",355,9556322,4755,"World","OWID_WRL",1983-01-08,2013-01-07,"All"
"165237",355,5788709,7753,"World","OWID_WRL",1991-03-25,2021-03-24,"All"
"165238",355,11279318,7134,"World","OWID_WRL",1989-07-14,2019-07-14,"All"
"165239",355,4740890,7767,"World","OWID_WRL",1991-04-08,2021-04-07,"All"
"165240",355,7540042,6509,"World","OWID_WRL",1987-10-28,2017-10-27,"All"
"1645941",355,6322661,8111,"World","OWID_WRL",1992-03-17,2022-03-17,"Last 5 years"
"1645971",355,7772493,8763,"World","OWID_WRL",1993-12-29,2023-12-29,"Last 5 years"
"1646011",355,5815378,8490,"World","OWID_WRL",1993-03-31,2023-03-31,"Last 5 years"
"1646021",355,7997728,8230,"World","OWID_WRL",1992-07-14,2022-07-14,"Last 5 years"
"1646111",355,5556226,8104,"World","OWID_WRL",1992-03-10,2022-03-10,"Last 5 years"
"1646151",355,7885270,8056,"World","OWID_WRL",1992-01-22,2022-01-21,"Last 5 years"
"1646271",355,7927006,7239,"World","OWID_WRL",1989-10-27,2019-10-27,"Last 5 years"
"1646321",355,5704895,8821,"World","OWID_WRL",1994-02-25,2024-02-25,"Last 5 years"
"1646331",355,5834797,8828,"World","OWID_WRL",1994-03-04,2024-03-03,"Last 5 years"
"1646391",355,10268231,8595,"World","OWID_WRL",1993-07-14,2023-07-14,"Last 5 years"
"1646471",355,6527466,7956,"World","OWID_WRL",1991-10-14,2021-10-13,"Last 5 years"
"1646561",355,5150810,8546,"World","OWID_WRL",1993-05-26,2023-05-26,"Last 5 years"
"1646621",355,6697733,8581,"World","OWID_WRL",1993-06-30,2023-06-30,"Last 5 years"
"1646631",355,13185459,7528,"World","OWID_WRL",1990-08-12,2020-08-11,"Last 5 years"
"1646651",355,6823054,8042,"World","OWID_WRL",1992-01-08,2022-01-07,"Last 5 years"
"1646661",355,5906190,7416,"World","OWID_WRL",1990-04-22,2020-04-21,"Last 5 years"
"1646691",355,5943675,7246,"World","OWID_WRL",1989-11-03,2019-11-03,"Last 5 years"
"1646701",355,5819277,8118,"World","OWID_WRL",1992-03-24,2022-03-24,"Last 5 years"
"1646711",355,8763217,7872,"World","OWID_WRL",1991-07-22,2021-07-21,"Last 5 years"
"1646721",355,9663681,7514,"World","OWID_WRL",1990-07-29,2020-07-28,"Last 5 years"
"1646751",355,6411736,7963,"World","OWID_WRL",1991-10-21,2021-10-20,"Last 5 years"
"1646781",355,5851755,7781,"World","OWID_WRL",1991-04-22,2021-04-21,"Last 5 years"
"1646811",355,6706607,8049,"World","OWID_WRL",1992-01-15,2022-01-14,"Last 5 years"
"1646841",355,11816574,8616,"World","OWID_WRL",1993-08-04,2023-08-04,"Last 5 years"
"1646861",355,4775580,7253,"World","OWID_WRL",1989-11-10,2019-11-10,"Last 5 years"
"1646891",355,7706102,8772,"World","OWID_WRL",1994-01-07,2024-01-07,"Last 5 years"
"1646911",355,5918882,8905,"World","OWID_WRL",1994-05-20,2024-05-19,"Last 5 years"
"1646921",355,8083370,8223,"World","OWID_WRL",1992-07-07,2022-07-07,"Last 5 years"
"1646951",355,8611855,7295,"World","OWID_WRL",1989-12-22,2019-12-22,"Last 5 years"
"1646961",355,7137220,7486,"World","OWID_WRL",1990-07-01,2020-06-30,"Last 5 years"
"1647001",355,6916894,8077,"World","OWID_WRL",1992-02-12,2022-02-11,"Last 5 years"
"1647011",355,13243669,7521,"World","OWID_WRL",1990-08-05,2020-08-04,"Last 5 years"
"1647031",355,4935329,7774,"World","OWID_WRL",1991-04-15,2021-04-14,"Last 5 years"
"1647041",355,6067696,8835,"World","OWID_WRL",1994-03-11,2024-03-10,"Last 5 years"
"1647071",355,10673584,8665,"World","OWID_WRL",1993-09-22,2023-09-22,"Last 5 years"
"1647121",355,7287084,8497,"World","OWID_WRL",1993-04-07,2023-04-07,"Last 5 years"
"1647131",355,5756775,8139,"World","OWID_WRL",1992-04-14,2022-04-14,"Last 5 years"
"1647181",355,8627622,8786,"World","OWID_WRL",1994-01-21,2024-01-21,"Last 5 years"
"1647231",355,7138611,8237,"World","OWID_WRL",1992-07-21,2022-07-21,"Last 5 years"
"1647281",355,8143247,8012,"World","OWID_WRL",1991-12-09,2021-12-08,"Last 5 years"
"1647341",355,7985057,8793,"World","OWID_WRL",1994-01-28,2024-01-28,"Last 5 years"
"1647391",355,7604210,8756,"World","OWID_WRL",1993-12-22,2023-12-22,"Last 5 years"
"1647421",355,12607808,7148,"World","OWID_WRL",1989-07-28,2019-07-28,"Last 5 years"
"1647441",355,5885008,8398,"World","OWID_WRL",1992-12-29,2022-12-29,"Last 5 years"
"1647451",355,10992492,8588,"World","OWID_WRL",1993-07-07,2023-07-07,"Last 5 years"
"1647491",355,6017226,8800,"World","OWID_WRL",1994-02-04,2024-02-04,"Last 5 years"
"1647511",355,6513418,8933,"World","OWID_WRL",1994-06-17,2024-06-16,"Last 5 years"
"1647541",355,5788254,8084,"World","OWID_WRL",1992-02-19,2022-02-18,"Last 5 years"
"1647581",355,11194124,7155,"World","OWID_WRL",1989-08-04,2019-08-04,"Last 5 years"
"1647591",355,7532839,7970,"World","OWID_WRL",1991-10-28,2021-10-27,"Last 5 years"
"1647611",355,9394313,7346,"World","OWID_WRL",1990-02-11,2020-02-11,"Last 5 years"
"1647631",355,11311017,7176,"World","OWID_WRL",1989-08-25,2019-08-25,"Last 5 years"
"1647681",355,11072270,8258,"World","OWID_WRL",1992-08-11,2022-08-11,"Last 5 years"
"1647701",355,6305080,8202,"World","OWID_WRL",1992-06-16,2022-06-16,"Last 5 years"
"1647721",355,5445931,8091,"World","OWID_WRL",1992-02-26,2022-02-25,"Last 5 years"
"1647761",355,9581860,8602,"World","OWID_WRL",1993-07-21,2023-07-21,"Last 5 years"
"1647781",355,13949137,7507,"World","OWID_WRL",1990-07-22,2020-07-21,"Last 5 years"
"1647821",355,3755500,7451,"World","OWID_WRL",1990-05-27,2020-05-26,"Last 5 years"
"1647841",355,10240520,7584,"World","OWID_WRL",1990-10-07,2020-10-06,"Last 5 years"
"1647851",355,5154786,8153,"World","OWID_WRL",1992-04-28,2022-04-28,"Last 5 years"
"1647891",355,6489739,7984,"World","OWID_WRL",1991-11-11,2021-11-10,"Last 5 years"
"1647901",355,9741509,8609,"World","OWID_WRL",1993-07-28,2023-07-28,"Last 5 years"
"1647911",355,7022357,7360,"World","OWID_WRL",1990-02-25,2020-02-25,"Last 5 years"
"1647951",355,6927689,8195,"World","OWID_WRL",1992-06-09,2022-06-09,"Last 5 years"
"1647971",355,5113048,8518,"World","OWID_WRL",1993-04-28,2023-04-28,"Last 5 years"
"1647991",355,12500168,7535,"World","OWID_WRL",1990-08-19,2020-08-18,"Last 5 years"
"1648001",355,4277033,8160,"World","OWID_WRL",1992-05-05,2022-05-05,"Last 5 years"
"1648021",355,8207468,7479,"World","OWID_WRL",1990-06-24,2020-06-23,"Last 5 years"
"1648031",355,4472587,8728,"World","OWID_WRL",1993-11-24,2023-11-24,"Last 5 years"
"1648041",355,7003479,7991,"World","OWID_WRL",1991-11-18,2021-11-17,"Last 5 years"
"1648071",355,8420206,7311,"World","OWID_WRL",1990-01-07,2020-01-07,"Last 5 years"
"1648151",355,11765661,8658,"World","OWID_WRL",1993-09-15,2023-09-15,"Last 5 years"
"1648161",355,4640132,8167,"World","OWID_WRL",1992-05-12,2022-05-12,"Last 5 years"
"1648191",355,9685677,8679,"World","OWID_WRL",1993-10-06,2023-10-06,"Last 5 years"
"1648331",355,9121751,8063,"World","OWID_WRL",1992-01-29,2022-01-28,"Last 5 years"
"1648361",355,12406772,8630,"World","OWID_WRL",1993-08-18,2023-08-18,"Last 5 years"
"1648371",355,4238009,7267,"World","OWID_WRL",1989-11-24,2019-11-24,"Last 5 years"
"1648391",355,6985279,7211,"World","OWID_WRL",1989-09-29,2019-09-29,"Last 5 years"
"1648441",355,10711250,8293,"World","OWID_WRL",1992-09-15,2022-09-15,"Last 5 years"
"1648451",355,14984889,7556,"World","OWID_WRL",1990-09-09,2020-09-08,"Last 5 years"
"1648461",355,6481334,8807,"World","OWID_WRL",1994-02-11,2024-02-11,"Last 5 years"
"1648481",355,5586492,8125,"World","OWID_WRL",1992-03-31,2022-03-31,"Last 5 years"
"1648501",355,15379039,8637,"World","OWID_WRL",1993-08-25,2023-08-25,"Last 5 years"
"1648511",355,7730546,7388,"World","OWID_WRL",1990-03-25,2020-03-24,"Last 5 years"
"1648551",355,8440032,7542,"World","OWID_WRL",1990-08-26,2020-08-25,"Last 5 years"
"1648561",355,4352554,7788,"World","OWID_WRL",1991-04-29,2021-04-28,"Last 5 years"
"1648621",355,5649313,8814,"World","OWID_WRL",1994-02-18,2024-02-18,"Last 5 years"
"1648641",355,10062978,8700,"World","OWID_WRL",1993-10-27,2023-10-27,"Last 5 years"
"1648671",355,7211350,7339,"World","OWID_WRL",1990-02-04,2020-02-04,"Last 5 years"
"1648681",355,7167851,7281,"World","OWID_WRL",1989-12-08,2019-12-08,"Last 5 years"
"1648731",355,5361408,8877,"World","OWID_WRL",1994-04-22,2024-04-21,"Last 5 years"
"1648741",355,9232451,8307,"World","OWID_WRL",1992-09-29,2022-09-29,"Last 5 years"
"1648751",355,10138911,7570,"World","OWID_WRL",1990-09-23,2020-09-22,"Last 5 years"
"1648781",355,4019562,7458,"World","OWID_WRL",1990-06-03,2020-06-02,"Last 5 years"
"1648801",355,8576663,8026,"World","OWID_WRL",1991-12-23,2021-12-22,"Last 5 years"
"1648811",355,13685179,8651,"World","OWID_WRL",1993-09-08,2023-09-08,"Last 5 years"
"1648881",355,8460184,7691,"World","OWID_WRL",1991-01-22,2021-01-21,"Last 5 years"
"1648901",355,12534619,7577,"World","OWID_WRL",1990-09-30,2020-09-29,"Last 5 years"
"1648911",355,5731377,8146,"World","OWID_WRL",1992-04-21,2022-04-21,"Last 5 years"
"1648961",355,7220096,7977,"World","OWID_WRL",1991-11-04,2021-11-03,"Last 5 years"
"1648981",355,12816051,7921,"World","OWID_WRL",1991-09-09,2021-09-08,"Last 5 years"
"1648991",355,10438419,7865,"World","OWID_WRL",1991-07-15,2021-07-14,"Last 5 years"
"1649001",355,12381650,7183,"World","OWID_WRL",1989-09-01,2019-09-01,"Last 5 years"
"1649071",355,8699733,8779,"World","OWID_WRL",1994-01-14,2024-01-14,"Last 5 years"
"1649091",355,5329338,8097,"World","OWID_WRL",1992-03-03,2022-03-03,"Last 5 years"
"1649101",355,6949522,7472,"World","OWID_WRL",1990-06-17,2020-06-16,"Last 5 years"
"1649131",355,10128000,7302,"World","OWID_WRL",1989-12-29,2019-12-29,"Last 5 years"
"1649141",355,5479299,8553,"World","OWID_WRL",1993-06-02,2023-06-02,"Last 5 years"
"1649201",355,9474444,8272,"World","OWID_WRL",1992-08-25,2022-08-25,"Last 5 years"
"1649221",355,3676058,8842,"World","OWID_WRL",1994-03-18,2024-03-17,"Last 5 years"
"1649241",355,4602562,7423,"World","OWID_WRL",1990-04-29,2020-04-28,"Last 5 years"
"1649251",355,8899879,8672,"World","OWID_WRL",1993-09-29,2023-09-29,"Last 5 years"
"1649271",355,6320064,7367,"World","OWID_WRL",1990-03-04,2020-03-03,"Last 5 years"
"1649291",355,11696965,7879,"World","OWID_WRL",1991-07-29,2021-07-28,"Last 5 years"
"1649301",355,6231646,8504,"World","OWID_WRL",1993-04-14,2023-04-14,"Last 5 years"
"1649321",355,9227060,8693,"World","OWID_WRL",1993-10-20,2023-10-20,"Last 5 years"
"1649341",355,2822417,8849,"World","OWID_WRL",1994-03-25,2024-03-24,"Last 5 years"
"1649391",355,3915956,7430,"World","OWID_WRL",1990-05-06,2020-05-05,"Last 5 years"
"1649411",355,6844642,7998,"World","OWID_WRL",1991-11-25,2021-11-24,"Last 5 years"
"1649421",355,10855969,8623,"World","OWID_WRL",1993-08-11,2023-08-11,"Last 5 years"
"1649441",355,3931410,7260,"World","OWID_WRL",1989-11-17,2019-11-17,"Last 5 years"
"1649491",355,5243309,8912,"World","OWID_WRL",1994-05-27,2024-05-26,"Last 5 years"
"1649501",355,5311484,8856,"World","OWID_WRL",1994-04-01,2024-03-31,"Last 5 years"
"1649511",355,10256509,7549,"World","OWID_WRL",1990-09-02,2020-09-01,"Last 5 years"
"1649521",355,4906454,8174,"World","OWID_WRL",1992-05-19,2022-05-19,"Last 5 years"
"1649541",355,8929611,7493,"World","OWID_WRL",1990-07-08,2020-07-07,"Last 5 years"
"1649621",355,7273826,8407,"World","OWID_WRL",1993-01-07,2023-01-07,"Last 5 years"
"1649701",355,7420680,8070,"World","OWID_WRL",1992-02-05,2022-02-04,"Last 5 years"
"1649731",355,9331896,7332,"World","OWID_WRL",1990-01-28,2020-01-28,"Last 5 years"
"1649741",355,6994144,7274,"World","OWID_WRL",1989-12-01,2019-12-01,"Last 5 years"
"1649751",355,6013368,8525,"World","OWID_WRL",1993-05-05,2023-05-05,"Last 5 years"
"1649761",355,13329882,7162,"World","OWID_WRL",1989-08-11,2019-08-11,"Last 5 years"
"1649801",355,10355384,8300,"World","OWID_WRL",1992-09-22,2022-09-22,"Last 5 years"
"1649811",355,9007500,8244,"World","OWID_WRL",1992-07-28,2022-07-28,"Last 5 years"
"1649821",355,13621735,7563,"World","OWID_WRL",1990-09-16,2020-09-15,"Last 5 years"
"1649841",355,5569407,8188,"World","OWID_WRL",1992-06-02,2022-06-02,"Last 5 years"
"1649861",355,7482846,8019,"World","OWID_WRL",1991-12-16,2021-12-15,"Last 5 years"
"1649871",355,12137370,8644,"World","OWID_WRL",1993-09-01,2023-09-01,"Last 5 years"
"1649961",355,8113627,8251,"World","OWID_WRL",1992-08-04,2022-08-04,"Last 5 years"
"1649981",355,4691085,8363,"World","OWID_WRL",1992-11-24,2022-11-24,"Last 5 years"
"1650031",355,6638203,7402,"World","OWID_WRL",1990-04-08,2020-04-07,"Last 5 years"
"1650071",355,3760711,7802,"World","OWID_WRL",1991-05-13,2021-05-12,"Last 5 years"
"1650081",355,8874434,7120,"World","OWID_WRL",1989-06-30,2019-06-30,"Last 5 years"
"1650101",355,6060834,8884,"World","OWID_WRL",1994-04-29,2024-04-28,"Last 5 years"
"1650131",355,5644682,7823,"World","OWID_WRL",1991-06-03,2021-06-02,"Last 5 years"
"1650151",355,4874366,7465,"World","OWID_WRL",1990-06-10,2020-06-09,"Last 5 years"
"1650161",355,7690991,8714,"World","OWID_WRL",1993-11-10,2023-11-10,"Last 5 years"
"1650171",355,6045167,8033,"World","OWID_WRL",1991-12-30,2021-12-29,"Last 5 years"
"1650181",355,6344351,7409,"World","OWID_WRL",1990-04-15,2020-04-14,"Last 5 years"
"1650191",355,7429331,7353,"World","OWID_WRL",1990-02-18,2020-02-18,"Last 5 years"
"1650261",355,11659847,8265,"World","OWID_WRL",1992-08-18,2022-08-18,"Last 5 years"
"1650281",355,5737173,8209,"World","OWID_WRL",1992-06-23,2022-06-23,"Last 5 years"
"1650351",355,12967690,7928,"World","OWID_WRL",1991-09-16,2021-09-15,"Last 5 years"
"1650361",355,3614899,7437,"World","OWID_WRL",1990-05-13,2020-05-12,"Last 5 years"
"1650371",355,13739060,7190,"World","OWID_WRL",1989-09-08,2019-09-08,"Last 5 years"
"1650381",355,7537225,7816,"World","OWID_WRL",1991-05-27,2021-05-26,"Last 5 years"
"1650391",355,7319570,7381,"World","OWID_WRL",1990-03-18,2020-03-17,"Last 5 years"
"1650421",355,6409433,7591,"World","OWID_WRL",1990-10-14,2020-10-13,"Last 5 years"
"1650441",355,7843705,8216,"World","OWID_WRL",1992-06-30,2022-06-30,"Last 5 years"
"1650471",355,5665375,8863,"World","OWID_WRL",1994-04-08,2024-04-07,"Last 5 years"
"1650491",355,3841348,8181,"World","OWID_WRL",1992-05-26,2022-05-26,"Last 5 years"
"1650511",355,5295158,8560,"World","OWID_WRL",1993-06-09,2023-06-09,"Last 5 years"
"1650551",355,6026282,7654,"World","OWID_WRL",1990-12-16,2020-12-15,"Last 5 years"
"1650561",355,11740959,8279,"World","OWID_WRL",1992-09-01,2022-09-01,"Last 5 years"
"1650571",355,6090946,7598,"World","OWID_WRL",1990-10-21,2020-10-20,"Last 5 years"
"1650591",355,5816825,8335,"World","OWID_WRL",1992-10-27,2022-10-27,"Last 5 years"
"1650611",355,4722797,8735,"World","OWID_WRL",1993-12-01,2023-12-01,"Last 5 years"
"1650651",355,11248801,7318,"World","OWID_WRL",1990-01-14,2020-01-14,"Last 5 years"
"1650661",355,6605142,8567,"World","OWID_WRL",1993-06-16,2023-06-16,"Last 5 years"
"1650671",355,5564426,8511,"World","OWID_WRL",1993-04-21,2023-04-21,"Last 5 years"
"1650731",355,15414018,7169,"World","OWID_WRL",1989-08-18,2019-08-18,"Last 5 years"
"1650741",355,3332936,7795,"World","OWID_WRL",1991-05-06,2021-05-05,"Last 5 years"
"1650771",355,9875844,8686,"World","OWID_WRL",1993-10-13,2023-10-13,"Last 5 years"
"1650781",355,6272766,8005,"World","OWID_WRL",1991-12-02,2021-12-01,"Last 5 years"
"1650801",355,9493197,7893,"World","OWID_WRL",1991-08-12,2021-08-11,"Last 5 years"
"1650831",355,4387534,7837,"World","OWID_WRL",1991-06-17,2021-06-16,"Last 5 years"
"1650871",355,4595730,8539,"World","OWID_WRL",1993-05-19,2023-05-19,"Last 5 years"
"1650891",355,8336208,7858,"World","OWID_WRL",1991-07-08,2021-07-07,"Last 5 years"
"1650911",355,8574571,7500,"World","OWID_WRL",1990-07-15,2020-07-14,"Last 5 years"
"1650921",355,6020216,7633,"World","OWID_WRL",1990-11-25,2020-11-24,"Last 5 years"
"1650941",355,13484646,7197,"World","OWID_WRL",1989-09-15,2019-09-15,"Last 5 years"
"1650961",355,11633813,7900,"World","OWID_WRL",1991-08-19,2021-08-18,"Last 5 years"
"1650971",355,4552122,7218,"World","OWID_WRL",1989-10-06,2019-10-06,"Last 5 years"
"1650981",355,5451696,7844,"World","OWID_WRL",1991-06-24,2021-06-23,"Last 5 years"
"1650991",355,6649979,8414,"World","OWID_WRL",1993-01-14,2023-01-14,"Last 5 years"
"1651031",355,5017817,8132,"World","OWID_WRL",1992-04-07,2022-04-07,"Last 5 years"
"1651091",355,9293149,7395,"World","OWID_WRL",1990-04-01,2020-03-31,"Last 5 years"
"1651111",355,4481035,8456,"World","OWID_WRL",1993-02-25,2023-02-25,"Last 5 years"
"1651121",355,6369702,8532,"World","OWID_WRL",1993-05-12,2023-05-12,"Last 5 years"
"1651131",355,6661636,8721,"World","OWID_WRL",1993-11-17,2023-11-17,"Last 5 years"
"1651141",355,5924020,7225,"World","OWID_WRL",1989-10-13,2019-10-13,"Last 5 years"
"1651181",355,7369706,7684,"World","OWID_WRL",1991-01-15,2021-01-14,"Last 5 years"
"1651191",355,6948275,8742,"World","OWID_WRL",1993-12-08,2023-12-08,"Last 5 years"
"1651221",355,6258536,8707,"World","OWID_WRL",1993-11-03,2023-11-03,"Last 5 years"
"1651251",355,4695025,8462,"World","OWID_WRL",1993-03-03,2023-03-03,"Last 5 years"
"1651261",355,7149608,7288,"World","OWID_WRL",1989-12-15,2019-12-15,"Last 5 years"
"1651271",355,1615887,8919,"World","OWID_WRL",1994-06-03,2024-06-02,"Last 5 years"
"1651301",355,6956616,8483,"World","OWID_WRL",1993-03-24,2023-03-24,"Last 5 years"
"1651321",355,4453349,7746,"World","OWID_WRL",1991-03-18,2021-03-17,"Last 5 years"
"1651331",355,6485102,8749,"World","OWID_WRL",1993-12-15,2023-12-15,"Last 5 years"
"1651341",355,11968475,8314,"World","OWID_WRL",1992-10-06,2022-10-06,"Last 5 years"
"1651351",355,8028100,8449,"World","OWID_WRL",1993-02-18,2023-02-18,"Last 5 years"
"1651401",355,4516968,8469,"World","OWID_WRL",1993-03-10,2023-03-10,"Last 5 years"
"1651441",355,4948543,7809,"World","OWID_WRL",1991-05-20,2021-05-19,"Last 5 years"
"1651451",355,6108833,7374,"World","OWID_WRL",1990-03-11,2020-03-10,"Last 5 years"
"1651461",355,6545362,7698,"World","OWID_WRL",1991-01-29,2021-01-28,"Last 5 years"
"1651481",355,8447991,8321,"World","OWID_WRL",1992-10-13,2022-10-13,"Last 5 years"
"1651501",355,3783895,7830,"World","OWID_WRL",1991-06-10,2021-06-09,"Last 5 years"
"1651511",355,11234138,7204,"World","OWID_WRL",1989-09-22,2019-09-22,"Last 5 years"
"1651521",355,6653506,7661,"World","OWID_WRL",1990-12-23,2020-12-22,"Last 5 years"
"1651531",355,13476952,8286,"World","OWID_WRL",1992-09-08,2022-09-08,"Last 5 years"
"1651551",355,7632712,7851,"World","OWID_WRL",1991-07-01,2021-06-30,"Last 5 years"
"1651591",355,6452696,7739,"World","OWID_WRL",1991-03-11,2021-03-10,"Last 5 years"
"1651651",355,4911307,8328,"World","OWID_WRL",1992-10-20,2022-10-20,"Last 5 years"
"1651681",355,5035168,8349,"World","OWID_WRL",1992-11-10,2022-11-10,"Last 5 years"
"1651691",355,7222768,7668,"World","OWID_WRL",1990-12-30,2020-12-29,"Last 5 years"
"1651701",355,4937122,8428,"World","OWID_WRL",1993-01-28,2023-01-28,"Last 5 years"
"1651711",355,9976827,7935,"World","OWID_WRL",1991-09-23,2021-09-22,"Last 5 years"
"1651721",355,5842464,7619,"World","OWID_WRL",1990-11-11,2020-11-10,"Last 5 years"
"1651731",355,4015758,8370,"World","OWID_WRL",1992-12-01,2022-12-01,"Last 5 years"
"1651741",355,3943797,7444,"World","OWID_WRL",1990-05-20,2020-05-19,"Last 5 years"
"1651781",355,6234973,7712,"World","OWID_WRL",1991-02-12,2021-02-11,"Last 5 years"
"1651791",355,5766786,8391,"World","OWID_WRL",1992-12-22,2022-12-22,"Last 5 years"
"1651801",355,5097178,7719,"World","OWID_WRL",1991-02-19,2021-02-18,"Last 5 years"
"1651811",355,5547544,7605,"World","OWID_WRL",1990-10-28,2020-10-27,"Last 5 years"
"1651821",355,6462515,8342,"World","OWID_WRL",1992-11-03,2022-11-03,"Last 5 years"
"1651861",355,10967442,7127,"World","OWID_WRL",1989-07-07,2019-07-07,"Last 5 years"
"1651871",355,9543060,7886,"World","OWID_WRL",1991-08-05,2021-08-04,"Last 5 years"
"1651881",355,5791484,8891,"World","OWID_WRL",1994-05-06,2024-05-05,"Last 5 years"
"1651891",355,5396663,7640,"World","OWID_WRL",1990-12-02,2020-12-01,"Last 5 years"
"1651911",355,6935330,7949,"World","OWID_WRL",1991-10-07,2021-10-06,"Last 5 years"
"1651921",355,11967107,7907,"World","OWID_WRL",1991-08-26,2021-08-25,"Last 5 years"
"1651951",355,13529381,7914,"World","OWID_WRL",1991-09-02,2021-09-01,"Last 5 years"
"1651971",355,6084693,7626,"World","OWID_WRL",1990-11-18,2020-11-17,"Last 5 years"
"1651991",355,4962267,8356,"World","OWID_WRL",1992-11-17,2022-11-17,"Last 5 years"
"1652001",355,8410845,7113,"World","OWID_WRL",1989-06-23,2019-06-23,"Last 5 years"
"1652011",355,7138945,8442,"World","OWID_WRL",1993-02-11,2023-02-11,"Last 5 years"
"1652021",355,8735571,7325,"World","OWID_WRL",1990-01-21,2020-01-21,"Last 5 years"
"1652031",355,6249484,8574,"World","OWID_WRL",1993-06-23,2023-06-23,"Last 5 years"
"1652051",355,5522143,8898,"World","OWID_WRL",1994-05-13,2024-05-12,"Last 5 years"
"1652071",355,5906157,7647,"World","OWID_WRL",1990-12-09,2020-12-08,"Last 5 years"
"1652081",355,12795980,7141,"World","OWID_WRL",1989-07-21,2019-07-21,"Last 5 years"
"1652091",355,6362682,7726,"World","OWID_WRL",1991-02-26,2021-02-25,"Last 5 years"
"1652101",355,5807623,7612,"World","OWID_WRL",1990-11-04,2020-11-03,"Last 5 years"
"1652111",355,5809170,8870,"World","OWID_WRL",1994-04-15,2024-04-14,"Last 5 years"
"1652131",355,6243280,7677,"World","OWID_WRL",1991-01-08,2021-01-07,"Last 5 years"
"1652161",355,5176043,8377,"World","OWID_WRL",1992-12-08,2022-12-08,"Last 5 years"
"1652211",355,6416582,8384,"World","OWID_WRL",1992-12-15,2022-12-15,"Last 5 years"
"1652221",355,8761860,7732,"World","OWID_WRL",1991-03-04,2021-03-03,"Last 5 years"
"1652231",355,7604567,7705,"World","OWID_WRL",1991-02-05,2021-02-04,"Last 5 years"
"1652241",355,6257146,8421,"World","OWID_WRL",1993-01-21,2023-01-21,"Last 5 years"
"1652251",355,5740867,7232,"World","OWID_WRL",1989-10-20,2019-10-20,"Last 5 years"
"1652261",355,8438876,7942,"World","OWID_WRL",1991-09-30,2021-09-29,"Last 5 years"
"1652271",355,4033021,8476,"World","OWID_WRL",1993-03-17,2023-03-17,"Last 5 years"
"1652301",355,6383360,8926,"World","OWID_WRL",1994-06-10,2024-06-09,"Last 5 years"
"1652321",355,7404509,7760,"World","OWID_WRL",1991-04-01,2021-03-31,"Last 5 years"
"1652341",355,6815109,8435,"World","OWID_WRL",1993-02-04,2023-02-04,"Last 5 years"
"1652371",355,5788709,7753,"World","OWID_WRL",1991-03-25,2021-03-24,"Last 5 years"
"1652381",355,11279318,7134,"World","OWID_WRL",1989-07-14,2019-07-14,"Last 5 years"
"1652391",355,4740890,7767,"World","OWID_WRL",1991-04-08,2021-04-07,"Last 5 years"
"1645972",355,7772493,8763,"World","OWID_WRL",1993-12-29,2023-12-29,"Last 12 months"
"1646322",355,5704895,8821,"World","OWID_WRL",1994-02-25,2024-02-25,"Last 12 months"
"1646332",355,5834797,8828,"World","OWID_WRL",1994-03-04,2024-03-03,"Last 12 months"
"1646392",355,10268231,8595,"World","OWID_WRL",1993-07-14,2023-07-14,"Last 12 months"
"1646622",355,6697733,8581,"World","OWID_WRL",1993-06-30,2023-06-30,"Last 12 months"
"1646842",355,11816574,8616,"World","OWID_WRL",1993-08-04,2023-08-04,"Last 12 months"
"1646892",355,7706102,8772,"World","OWID_WRL",1994-01-07,2024-01-07,"Last 12 months"
"1646912",355,5918882,8905,"World","OWID_WRL",1994-05-20,2024-05-19,"Last 12 months"
"1647042",355,6067696,8835,"World","OWID_WRL",1994-03-11,2024-03-10,"Last 12 months"
"1647072",355,10673584,8665,"World","OWID_WRL",1993-09-22,2023-09-22,"Last 12 months"
"1647182",355,8627622,8786,"World","OWID_WRL",1994-01-21,2024-01-21,"Last 12 months"
"1647342",355,7985057,8793,"World","OWID_WRL",1994-01-28,2024-01-28,"Last 12 months"
"1647392",355,7604210,8756,"World","OWID_WRL",1993-12-22,2023-12-22,"Last 12 months"
"1647452",355,10992492,8588,"World","OWID_WRL",1993-07-07,2023-07-07,"Last 12 months"
"1647492",355,6017226,8800,"World","OWID_WRL",1994-02-04,2024-02-04,"Last 12 months"
"1647512",355,6513418,8933,"World","OWID_WRL",1994-06-17,2024-06-16,"Last 12 months"
"1647762",355,9581860,8602,"World","OWID_WRL",1993-07-21,2023-07-21,"Last 12 months"
"1647902",355,9741509,8609,"World","OWID_WRL",1993-07-28,2023-07-28,"Last 12 months"
"1648032",355,4472587,8728,"World","OWID_WRL",1993-11-24,2023-11-24,"Last 12 months"
"1648152",355,11765661,8658,"World","OWID_WRL",1993-09-15,2023-09-15,"Last 12 months"
"1648192",355,9685677,8679,"World","OWID_WRL",1993-10-06,2023-10-06,"Last 12 months"
"1648362",355,12406772,8630,"World","OWID_WRL",1993-08-18,2023-08-18,"Last 12 months"
"1648462",355,6481334,8807,"World","OWID_WRL",1994-02-11,2024-02-11,"Last 12 months"
"1648502",355,15379039,8637,"World","OWID_WRL",1993-08-25,2023-08-25,"Last 12 months"
"1648622",355,5649313,8814,"World","OWID_WRL",1994-02-18,2024-02-18,"Last 12 months"
"1648642",355,10062978,8700,"World","OWID_WRL",1993-10-27,2023-10-27,"Last 12 months"
"1648732",355,5361408,8877,"World","OWID_WRL",1994-04-22,2024-04-21,"Last 12 months"
"1648812",355,13685179,8651,"World","OWID_WRL",1993-09-08,2023-09-08,"Last 12 months"
"1649072",355,8699733,8779,"World","OWID_WRL",1994-01-14,2024-01-14,"Last 12 months"
"1649222",355,3676058,8842,"World","OWID_WRL",1994-03-18,2024-03-17,"Last 12 months"
"1649252",355,8899879,8672,"World","OWID_WRL",1993-09-29,2023-09-29,"Last 12 months"
"1649322",355,9227060,8693,"World","OWID_WRL",1993-10-20,2023-10-20,"Last 12 months"
"1649342",355,2822417,8849,"World","OWID_WRL",1994-03-25,2024-03-24,"Last 12 months"
"1649422",355,10855969,8623,"World","OWID_WRL",1993-08-11,2023-08-11,"Last 12 months"
"1649492",355,5243309,8912,"World","OWID_WRL",1994-05-27,2024-05-26,"Last 12 months"
"1649502",355,5311484,8856,"World","OWID_WRL",1994-04-01,2024-03-31,"Last 12 months"
"1649872",355,12137370,8644,"World","OWID_WRL",1993-09-01,2023-09-01,"Last 12 months"
"1650102",355,6060834,8884,"World","OWID_WRL",1994-04-29,2024-04-28,"Last 12 months"
"1650162",355,7690991,8714,"World","OWID_WRL",1993-11-10,2023-11-10,"Last 12 months"
"1650472",355,5665375,8863,"World","OWID_WRL",1994-04-08,2024-04-07,"Last 12 months"
"1650612",355,4722797,8735,"World","OWID_WRL",1993-12-01,2023-12-01,"Last 12 months"
"1650772",355,9875844,8686,"World","OWID_WRL",1993-10-13,2023-10-13,"Last 12 months"
"1651132",355,6661636,8721,"World","OWID_WRL",1993-11-17,2023-11-17,"Last 12 months"
"1651192",355,6948275,8742,"World","OWID_WRL",1993-12-08,2023-12-08,"Last 12 months"
"1651222",355,6258536,8707,"World","OWID_WRL",1993-11-03,2023-11-03,"Last 12 months"
"1651272",355,1615887,8919,"World","OWID_WRL",1994-06-03,2024-06-02,"Last 12 months"
"1651332",355,6485102,8749,"World","OWID_WRL",1993-12-15,2023-12-15,"Last 12 months"
"1651882",355,5791484,8891,"World","OWID_WRL",1994-05-06,2024-05-05,"Last 12 months"
"1652032",355,6249484,8574,"World","OWID_WRL",1993-06-23,2023-06-23,"Last 12 months"
"1652052",355,5522143,8898,"World","OWID_WRL",1994-05-13,2024-05-12,"Last 12 months"
"1652112",355,5809170,8870,"World","OWID_WRL",1994-04-15,2024-04-14,"Last 12 months"
"1652302",355,6383360,8926,"World","OWID_WRL",1994-06-10,2024-06-09,"Last 12 months"
"1645973",355,7772493,8763,"World","OWID_WRL",1993-12-29,2023-12-29,"Last 6 months"
"1646323",355,5704895,8821,"World","OWID_WRL",1994-02-25,2024-02-25,"Last 6 months"
"1646333",355,5834797,8828,"World","OWID_WRL",1994-03-04,2024-03-03,"Last 6 months"
"1646893",355,7706102,8772,"World","OWID_WRL",1994-01-07,2024-01-07,"Last 6 months"
"1646913",355,5918882,8905,"World","OWID_WRL",1994-05-20,2024-05-19,"Last 6 months"
"1647043",355,6067696,8835,"World","OWID_WRL",1994-03-11,2024-03-10,"Last 6 months"
"1647183",355,8627622,8786,"World","OWID_WRL",1994-01-21,2024-01-21,"Last 6 months"
"1647343",355,7985057,8793,"World","OWID_WRL",1994-01-28,2024-01-28,"Last 6 months"
"1647393",355,7604210,8756,"World","OWID_WRL",1993-12-22,2023-12-22,"Last 6 months"
"1647493",355,6017226,8800,"World","OWID_WRL",1994-02-04,2024-02-04,"Last 6 months"
"1647513",355,6513418,8933,"World","OWID_WRL",1994-06-17,2024-06-16,"Last 6 months"
"1648463",355,6481334,8807,"World","OWID_WRL",1994-02-11,2024-02-11,"Last 6 months"
"1648623",355,5649313,8814,"World","OWID_WRL",1994-02-18,2024-02-18,"Last 6 months"
"1648733",355,5361408,8877,"World","OWID_WRL",1994-04-22,2024-04-21,"Last 6 months"
"1649073",355,8699733,8779,"World","OWID_WRL",1994-01-14,2024-01-14,"Last 6 months"
"1649223",355,3676058,8842,"World","OWID_WRL",1994-03-18,2024-03-17,"Last 6 months"
"1649343",355,2822417,8849,"World","OWID_WRL",1994-03-25,2024-03-24,"Last 6 months"
"1649493",355,5243309,8912,"World","OWID_WRL",1994-05-27,2024-05-26,"Last 6 months"
"1649503",355,5311484,8856,"World","OWID_WRL",1994-04-01,2024-03-31,"Last 6 months"
"1650103",355,6060834,8884,"World","OWID_WRL",1994-04-29,2024-04-28,"Last 6 months"
"1650473",355,5665375,8863,"World","OWID_WRL",1994-04-08,2024-04-07,"Last 6 months"
"1651273",355,1615887,8919,"World","OWID_WRL",1994-06-03,2024-06-02,"Last 6 months"
"1651883",355,5791484,8891,"World","OWID_WRL",1994-05-06,2024-05-05,"Last 6 months"
"1652053",355,5522143,8898,"World","OWID_WRL",1994-05-13,2024-05-12,"Last 6 months"
"1652113",355,5809170,8870,"World","OWID_WRL",1994-04-15,2024-04-14,"Last 6 months"
"1652303",355,6383360,8926,"World","OWID_WRL",1994-06-10,2024-06-09,"Last 6 months"
"1646914",355,5918882,8905,"World","OWID_WRL",1994-05-20,2024-05-19,"Last 90 days"
"1647514",355,6513418,8933,"World","OWID_WRL",1994-06-17,2024-06-16,"Last 90 days"
"1648734",355,5361408,8877,"World","OWID_WRL",1994-04-22,2024-04-21,"Last 90 days"
"1649344",355,2822417,8849,"World","OWID_WRL",1994-03-25,2024-03-24,"Last 90 days"
"1649494",355,5243309,8912,"World","OWID_WRL",1994-05-27,2024-05-26,"Last 90 days"
"1649504",355,5311484,8856,"World","OWID_WRL",1994-04-01,2024-03-31,"Last 90 days"
"1650104",355,6060834,8884,"World","OWID_WRL",1994-04-29,2024-04-28,"Last 90 days"
"1650474",355,5665375,8863,"World","OWID_WRL",1994-04-08,2024-04-07,"Last 90 days"
"1651274",355,1615887,8919,"World","OWID_WRL",1994-06-03,2024-06-02,"Last 90 days"
"1651884",355,5791484,8891,"World","OWID_WRL",1994-05-06,2024-05-05,"Last 90 days"
"1652054",355,5522143,8898,"World","OWID_WRL",1994-05-13,2024-05-12,"Last 90 days"
"1652114",355,5809170,8870,"World","OWID_WRL",1994-04-15,2024-04-14,"Last 90 days"
"1652304",355,6383360,8926,"World","OWID_WRL",1994-06-10,2024-06-09,"Last 90 days"
"1646915",355,5918882,8905,"World","OWID_WRL",1994-05-20,2024-05-19,"Last 30 days"
"1647515",355,6513418,8933,"World","OWID_WRL",1994-06-17,2024-06-16,"Last 30 days"
"1649495",355,5243309,8912,"World","OWID_WRL",1994-05-27,2024-05-26,"Last 30 days"
"1651275",355,1615887,8919,"World","OWID_WRL",1994-06-03,2024-06-02,"Last 30 days"
"1652305",355,6383360,8926,"World","OWID_WRL",1994-06-10,2024-06-09,"Last 30 days"
